a,degree,s
priyankjain,2,1.0
brute4s99,23,0.87
Mistobaan,3,1.0
LastAncientOne,1,1.0
svenharris,11,1.0
EugeneKovalev,2,1.0
tjragan,1,1.0
omytea,5,1.0
hsheikha1429,5,1.0
csolamx,4,1.0
mbrucher,5,0.89
PoeteMaudit,1,1.0
pzwang,13,0.0
Hann,2,1.0
xuhuizhang,3,1.0
zartbot,6,1.0
mitar,34,1.0
colobas,8,0.6
pulkitmaloo,21,1.0
timmie,101,0.0
tloredo,1,1.0
RahulHP,7,1.0
EverydayQA,3,1.0
igblackadder,4,1.0
zohairzohair4,2,1.0
scyllagist,23,1.0
lmeyerov,4,1.0
blink1073,9,1.0
ralienpp,2,1.0
yieldsfalsehood,2,1.0
fingertap,6,1.0
shyhtzonglee,2,1.0
jamesstidard,2,0.33
sivakar12,8,1.0
imre-kerr,2,1.0
ohadle,13,1.0
exchez,3,1.0
EricChea,9,1.0
AdamHede,3,1.0
hatmatrix,2,1.0
nimasasa,2,1.0
puneethmishra,1,0.6699999999999999
JanKalin,3,0.6699999999999999
redbullpeter,3,1.0
allen-q,6,1.0
laxatives,11,1.0
hoffmann,11,1.0
paulproteus,73,0.0
DrRibosome,4,1.0
yl2526,2,1.0
heydenberk,2,1.0
mmagnuski,11,1.0
robertmuil,19,1.0
rs2,36,1.0
timfeirg,1,1.0
NewbiZ,7,1.0
bigquant,3,1.0
elmq0022,24,1.0
paddymul,3,1.0
thorbjornwolf,3,1.0
nevermindewe,2,0.5
fj11,1,1.0
ahjulstad,5,0.86
hantusk,5,1.0
decatur,5,1.0
gasparia405,7,1.0
LocutusOfBorg,2,0.8
carroux,2,1.0
pengyu,2,0.5
flotinou,2,0.0
MHC03,3,1.0
gjx,1,1.0
ldkphd,1,1.0
squeniart,3,1.0
ksurta,12,1.0
JustinTArthur,3,1.0
palnabarun,12,1.0
jbaksta,2,1.0
ColinSuess,3,1.0
m3h0w,3,0.0
sk8asd123,6,1.0
Tanguyabel,2,1.0
gregasmaximus,8,0.5
bodgerer,7,0.25
JonathanTay,9,1.0
juseg,1,1.0
iyer,19,1.0
nehiljain,5,1.0
CerebralMastication,4,1.0
asangansi,9,1.0
amyhua,7,1.0
caperutxa,8,1.0
emilydolson,4,1.0
carolinalq,4,0.0
nipunsadvilkar,3,1.0
DPCollins,2,1.0
feiphoon,4,1.0
illegalnumbers,16,0.94
cyber42,2,1.0
martinbel,5,1.0
catkfr,1,0.6699999999999999
getschomp,8,1.0
kay1793,85,0.75
remiremi,4,1.0
mtaboga,2,1.0
everestial,2,0.33
kynan,18,1.0
arenius,1,1.0
skalyanapu-mtuity,1,1.0
balaprasad18,5,1.0
MichaMucha,6,1.0
mellesies,2,1.0
dandye,1,1.0
fulldecent,4,1.0
kaijfox,4,0.0
Atcold,3,0.0
victorpoluceno,5,1.0
nkulki,2,0.6699999999999999
vincent-yao27,6,1.0
joshhornby,9,1.0
ctyler-wapiti,1,1.0
annacnev,4,0.0
sasutils,12,1.0
letalvoj,5,0.0
jbandlow,4,1.0
lopezco,4,1.0
punzalan,5,1.0
corytu,3,0.0
adamgreenhall,33,1.0
pietz,7,1.0
rladeira,1,1.0
lluang,3,1.0
tommy-stone,2,1.0
cordeiro,3,1.0
lukas-a-olson,2,1.0
ajcr,13,1.0
kjam,6,1.0
HaraldNordgren,7,1.0
brifordwylie,12,1.0
tetmin,3,1.0
slaweksiluk,8,1.0
liuli1735,5,1.0
seanv507,6,1.0
jjhelmus,20,1.0
adatasetaday,4,1.0
chebee7i,11,1.0
FR4NKESTI3N,1,1.0
stephenwlin,84,1.0
DonBeo,6,1.0
masdeseiscaracteres,2,1.0
RhysU,7,1.0
willgdjones,9,1.0
xlsb,4,1.0
monajalal,5,0.5
kykosic,1,1.0
FilipDusek,2,1.0
dreamflasher,1,1.0
ivirshup,2,1.0
osdf,2,1.0
mpschr,10,1.0
petergx,8,1.0
gopaltirupur,1,1.0
michaelwebb7,2,1.0
iamlemec,3,1.0
rok,15,0.0
sshell0611,2,1.0
goodboy,6,1.0
nygeog,3,1.0
diegogarcilazo,5,1.0
tntdynamight,4,1.0
toobaz,746,1.0
smcateer,11,1.0
khughitt,2,1.0
Sharpie,2,1.0
Tux1,24,1.0
frgomes,5,1.0
H-SG,3,1.0
yonatanf,8,1.0
npdoty,2,1.0
arturomp,4,1.0
zhezherun,8,0.5
josh-howes,1,1.0
mkeller-upb,2,1.0
xpe,7,1.0
drbig,2,1.0
chiragmatkar,7,0.6699999999999999
anton-d,2,0.5
sanjaydeo96,4,1.0
Midnighter,13,1.0
matthewgilbert,15,1.0
cscanlin,2,1.0
carterk,4,1.0
miishke,1,1.0
ggodreau,3,1.0
Strateus,3,1.0
the-nose-knows,3,1.0
gdraps,29,1.0
cjermain,1,1.0
ColdHumour,11,1.0
alexitkes,4,1.0
qg0,3,1.0
dgrahn,10,0.5
slonik-az,2,1.0
adamsd5,7,1.0
cgohlke,40,1.0
MMCMA,5,1.0
dondon2475848,11,1.0
cfhh888,7,1.0
onnoeberhard,7,1.0
lldean18,1,1.0
medlin01GA,2,1.0
innominate227,6,0.0
alberto-dellera,3,1.0
mbourqui,1,1.0
KristianHolsheimer,9,0.75
ndc33,11,1.0
prudhv16,2,1.0
rmoutie,1,0.5
naveenrc,1,1.0
babaMar,1,1.0
Adrienlq,3,1.0
streeck,20,1.0
haleemur,3,1.0
priyankaatgithub,1,1.0
bogdanCsn,2,1.0
hemflit,1,1.0
edjoesu,8,1.0
ischwabacher,99,0.78
smithjev,1,1.0
javierorozco,1,0.5
lauhayden,4,1.0
dean12,10,1.0
thebeancounter,8,1.0
stanleyng8,4,1.0
kwaxyzzyimoto,2,1.0
rowanu,1,1.0
dyngts,12,0.6699999999999999
pierre-haessig,8,1.0
PollyP,13,0.6699999999999999
jdrudolph,5,1.0
femibyte,2,0.0
hugovk,5,1.0
AbdealiJK,13,1.0
kbg,1,1.0
zetyang,1,0.6699999999999999
agravier,1,1.0
phani-vadrevu,7,0.5
parsons-kyle-89,4,1.0
zoof,6,0.5700000000000001
danio,8,1.0
maykulkarni,6,1.0
samwaterbury,1,1.0
tomrod,4,0.75
stefan-pmc,2,0.75
mritchie712,8,1.0
sieben,1,1.0
cdebost,2,1.0
mrTsjolder,23,1.0
blip2,2,1.0
kakl,3,1.0
jisantuc,1,1.0
pjob,2,1.0
noob-saibot,2,1.0
the-rccg,9,1.0
GHPS,4,1.0
SylvainLan,3,1.0
analyticalmonk,5,1.0
santegoeds,4,0.875
stefandw,3,1.0
e9t,3,1.0
richardvancouver,3,0.0
khizirsiddiqui,4,1.0
jakesherman,3,1.0
drglitch,1,1.0
saitam1,7,1.0
detroitcoder,7,0.5
Sabr3tooth,5,1.0
chbrown,8,1.0
sylviawhoa,5,1.0
piotrjurkiewicz,1,1.0
mikekutzma,2,1.0
vishnu2kmohan,3,0.0
Satyadev592,4,1.0
OneWind,5,1.0
GiftofHermes,1,0.6699999999999999
sadruddin,16,1.0
adamkpickering,3,0.0
pinakibose,4,1.0
watsonix,5,1.0
chrish42,23,1.0
John-Boik,4,0.75
bscheetz,5,1.0
jtornero,6,0.89
bennguvaye,4,1.0
anich003,2,0.5
springcoil,41,1.0
yatharth,1,1.0
shabha7092,7,1.0
BrendanMartin,8,0.75
cameronhatfield,1,1.0
PyJay,10,1.0
haicen,3,0.0
taraadiseshan,5,1.0
nehaljwani,8,1.0
CruiseDevice,5,1.0
zelite,17,0.0
paolini,3,1.0
sanguineturtle,4,1.0
luxedo,2,1.0
rkyleg,1,1.0
filmor,44,1.0
dduque10,19,1.0
neirbowj,59,1.0
rabernat,9,1.0
Pdubbs,4,1.0
Ako520,5,1.0
npezolano,2,1.0
matias6942,1,1.0
ibrahimsharaf,11,0.89
keflavich,3,0.8
ALShum,1,1.0
atlasstrategic,4,0.6699999999999999
ocehugo,12,1.0
shadow-identity,3,1.0
Zhang18,3,0.6699999999999999
DillonCh,1,1.0
AlexRiina,1,1.0
AlbertDeFusco,6,1.0
CAM-Gerlach,2,0.8
wizardbyron,3,1.0
wes-turner,3,1.0
Sedosa,7,1.0
lmarchesoti,1,1.0
Khrol,4,1.0
BibMartin,8,1.0
aditya0811,2,1.0
vamlumber,5,1.0
ngnikhilgoyal,4,1.0
Carreau,26,0.6699999999999999
charles-cooper,4,1.0
williamsmj,5,1.0
DanNi0130,1,1.0
adesorme,5,1.0
JarnoRFB,1,0.0
LPugens,2,1.0
sskadit,11,0.0
JackKZ,5,1.0
vadella,3,1.0
sjlnk,1,1.0
NelsonAndrew,2,1.0
hardianlawi,7,1.0
andrewbolster,9,1.0
samkennerly,2,1.0
jakezimmer,5,1.0
leeong05,2,1.0
Ander150,1,1.0
dpshelio,3,1.0
SirSkorpan,1,0.5
edrevo,6,1.0
dimazest,2,1.0
stuz5000,34,1.0
estevopaz,1,1.0
smilyswap,5,1.0
stahlous,17,0.95
avalentino,8,0.28500000000000003
jeremymatt,4,0.25
jasonstrimpel,11,1.0
kdiether,13,1.0
BotoKopo,2,1.0
cmeeren,7,1.0
foresmac,5,1.0
jvkersch,25,1.0
alex-robbins,7,1.0
mappingvermont,8,1.0
samlcharreyron,4,1.0
VGonPa,2,1.0
parchd-1,3,1.0
smoofra,3,1.0
chrisgdorn,3,1.0
crazycodingcat,2,1.0
denadai2,2,1.0
cristianionescu92,9,1.0
csaid,2,1.0
pankajp,8,1.0
MichaelAdolph,1,1.0
sergey-komissarov,3,1.0
nicolashery,2,1.0
avwilliams,5,1.0
tomp,5,1.0
ohiobicyclist,3,0.6699999999999999
theandygross,10,1.0
rupav,11,1.0
FlorianWilhelm,1,1.0
bjornarneson,8,0.75
11rohans,2,1.0
DocViper666,2,1.0
ginggs,15,1.0
nmusolino,68,1.0
nvgoldin,2,1.0
manuhortet,3,1.0
hongshaoyang,2,1.0
coillarach,1,1.0
wuhaochen,5,1.0
miker985,13,1.0
notuntoward,5,1.0
StepanSushko,3,1.0
tarrade,2,1.0
nbdanielson,5,1.0
michaelbilow,7,1.0
jeffknupp,11,0.96
alexlouden,12,1.0
sebp,14,1.0
RenzoBertocchi,2,1.0
breisfeld,4,0.5
rfernand2,2,0.83
willjbrown88,1,1.0
MagnetarAlex,2,1.0
rcalsaverini,9,1.0
asishm,16,1.0
willweil,7,1.0
gordol,9,1.0
cachitas,7,0.54
carlosdeoncedos,2,1.0
Eimis,3,0.8
rscheiwe,2,1.0
lirenz,3,1.0
limitup,4,1.0
simjega,1,1.0
tamlt2704,2,1.0
ostrokach,15,1.0
datajanko,20,1.0
ZaxR,3,1.0
summerela,52,1.0
pronojitsaha,4,1.0
tv3141,5,1.0
jacobitosuperstar,8,0.0
kstohr,3,1.0
eoveson,13,0.93
rambo-yuanbo,4,1.0
anushshetty,4,1.0
nfeldbaum,2,1.0
RONNCC,2,1.0
scarrucciu,1,1.0
deniederhut,8,0.845
halleygithub,36,0.9433333333333334
dayuhuang,5,0.0
knowitnothing,6,1.0
jelther,3,1.0
jongmmm,4,1.0
joseortiz3,19,1.0
shafiquejamal,5,1.0
geraldstanje,2,1.0
theianrobertson,3,1.0
jlec,19,1.0
jdreaver,2,0.83
Ashishjshetty,3,1.0
joshuamosesb,2,1.0
etcarson,3,1.0
PaluchowskiMatthew,3,1.0
Honghe,1,1.0
ChikiChickey,4,1.0
pmacaodh,14,1.0
pazzarpj,1,1.0
szeitlin,17,0.5
DeepSpace2,5,1.0
ksvensson8,4,0.5
vaughnkoch,1,0.5
apuapaquola,2,1.0
BLMeltdown,24,1.0
seanlaw,3,0.5
keszybz,2,1.0
kisielk,5,1.0
dsevero,1,1.0
louis-red,14,1.0
StanczakDominik,4,1.0
SamuraiT,2,1.0
mamikonyan,10,0.835
nitraat,2,0.5
stoffprof,11,1.0
Twey,1,1.0
vumaasha,1,1.0
adamklein,143,1.0
grechkay,3,1.0
people-can-fly,5,1.0
shura-v,5,1.0
thomas-haslwanter,4,1.0
kylebrandt,1,1.0
jameskelleher,2,1.0
MarckK,6,1.0
frensjan,1,1.0
chrisyeh96,3,1.0
arjdk,5,1.0
ArtificialQualia,34,1.0
jansila,1,1.0
sushobhit27,8,0.6699999999999999
LittleSec,1,1.0
leagto,1,1.0
Ellest,4,1.0
quintusdias,2,1.0
aldanor,37,0.5
huguesv,10,1.0
axeltidemann,3,1.0
ahaldane,2,0.5
jschendel,602,1.0
tdoughty1,2,1.0
evectant,7,1.0
drcrook1,1,1.0
JamesRamm,20,1.0
BrenBarn,46,1.0
potash,4,0.9
selasley,40,1.0
DaanVanHauwermeiren,2,1.0
jd901215,8,1.0
evanbiederstedt,2,1.0
laufere,1,1.0
Moons08,3,1.0
wujiayikelly,1,0.75
streamnsight,8,0.8333333333333334
jess010,6,1.0
hirokib,1,1.0
mwaskom,64,0.5
maxu777,16,1.0
cygenb0ck,2,0.6699999999999999
grayfall,8,1.0
Tushar987,2,1.0
codecov[bot],10328,1.0
ingomueller-net,17,0.0
RayVR,3,1.0
zyzhu2000,3,0.83
moderaterider,3,1.0
Choxmi,5,1.0
DanMargetts,3,1.0
gautham949,3,0.0
chunshanzhu,2,0.6699999999999999
blakeliu,2,1.0
chandanshikhar1,8,1.0
linebp,22,0.8175
bulli92,4,1.0
wayeast,2,1.0
vaamarnath,3,1.0
fran6w,3,1.0
intrixs,2,1.0
ffranchina,8,1.0
fuglede,15,1.0
tserafim,1,1.0
khs26,5,1.0
rldleblanc,6,1.0
JoanMartin,3,1.0
LindsayVass,4,1.0
grzadr,1,1.0
neili02,4,1.0
jiehuan,4,1.0
ffanatic13,1,1.0
ShaharBental,2,0.0
alkamid,2,1.0
keir,6,1.0
dalbani,2,0.5
abaldenko,1,1.0
jeffalstott,1,1.0
sluo1989,10,1.0
pajachiet,4,0.6
jingchan,2,1.0
johnhess,6,0.5
chetanya1710,1,1.0
apryor6,5,0.5
kamal94,11,1.0
DeanLa,7,1.0
PhE,7,1.0
avelino,2,1.0
supern8ent,3,1.0
lfiaschi,7,1.0
mimimimimimimi,2,1.0
johnnymetz,2,1.0
silentsnooc,2,1.0
hudcap,8,1.0
varadgunjal,10,0.88
cfblaeb,3,1.0
mnbbrown,1,1.0
shruti1105,1,1.0
pallih,7,1.0
dartdog,2,1.0
Jeeva-Ganesan,2,1.0
azuric,3,1.0
kevinwkc,3,1.0
rcyeh,1,1.0
donnaaboise,7,1.0
scari,50,1.0
asayeed,1,1.0
Tejeshwarabm,1,0.0
dmitriyshashkin,5,0.5
liori,6,1.0
Tanya-Jain,8,1.0
wendykan,8,1.0
lautjy,4,1.0
michaela12,5,1.0
educhana,3,1.0
parisni,1,1.0
CarstVaartjes,41,1.0
cgkanchi,8,1.0
pouliosk,1,1.0
pratapvardhan,23,1.0
hannah2048,3,1.0
RogerThomas,11,0.8333333333333334
akshitasood63,8,1.0
Rafalonso,4,1.0
boombard,6,1.0
verhovsky,2,1.0
brianthelion,6,1.0
Liorin,3,1.0
prebenbang,2,1.0
wcwagner,20,1.0
arnov,10,1.0
Antsypc,2,1.0
CalmDownKarm,16,1.0
karthik1024,1,1.0
insertinterestingnamehere,4,1.0
vpatel34,12,1.0
Prabhnith,8,1.0
JacobHayes,4,1.0
se7entyse7en,2,1.0
thuske,1,1.0
m-kuhn,2,1.0
litchfield,1,1.0
geryatejina,3,1.0
guygoldberg,7,1.0
tom-alcorn,3,1.0
jackasser,3,1.0
gbakalian,5,0.8
yakovkeselman,3,1.0
gaetano-guerriero,2,1.0
azjps,6,1.0
asteppke,23,1.0
mariskaas,10,1.0
aulphar,2,1.0
yelite,2,0.6699999999999999
olveirap,3,0.6
MattOates,4,1.0
jgbarah,4,1.0
cournape,12,1.0
avmarchenko,3,0.0
mheilman,8,1.0
bjlobo,3,1.0
joschkazj,9,1.0
jmrr,7,0.8
tbicr,8,1.0
adrien-pain-01,1,1.0
ThomasProctor,7,1.0
capelastegui,2,1.0
bquistorff,2,1.0
dlovell,1,1.0
cracker111,1,1.0
Noxville,5,1.0
alexeygrigorev,7,1.0
sunilkalmadi,1,1.0
adaag,2,1.0
c-kennedy,1,0.5
glencarl,3,1.0
ravimakhija,1,1.0
langmore,2,0.5
fsck-mount,2,0.75
cclauss,4,1.0
adamchainz,1,1.0
Lamarth,2,1.0
angryoxen,4,1.0
MaximilianKoestler,8,1.0
cschwem2er,3,1.0
scajanus,2,1.0
Airatvi,3,1.0
underthecurve,5,1.0
idella,1,1.0
Seuss27,2,1.0
KalyanGokhale,29,1.0
Poincare,2,1.0
dan-tee,4,1.0
lstappen,4,0.0
esthers,9,1.0
mattip,25,0.9175
matthias-k,1,1.0
Shirui816,2,1.0
haroldfox,2,1.0
drussellmrichie,2,1.0
DanCardin,1,1.0
sp3234,2,1.0
iosonofabio,7,0.33
costrouc,3,0.0
yojineko,4,1.0
reidy-p,88,1.0
floux,7,1.0
bolkedebruin,1,1.0
sbasumal,1,1.0
alberthdev,1,1.0
ali-tny,1,1.0
dfaivre,2,0.0
danielwang5,2,1.0
helenjiangyh,4,1.0
esvhd,22,1.0
dieterv77,40,1.0
franz101,3,1.0
lesshaste,2,1.0
robert-zaremba,5,1.0
mrlnc,3,1.0
tsabsch,2,1.0
lorenzocestaro,2,1.0
mvds314,6,0.75
jbschiratti,4,0.88
janelle,6,1.0
mariuspot,3,1.0
hannahlindsley,3,1.0
mjharte,1,0.0
NathanielCapital,4,1.0
CrossNox,6,1.0
vertan,2,1.0
colin1alexander,9,1.0
chetanchougle,2,1.0
markemus,3,1.0
bgbg,2,1.0
fcolas,1,1.0
joshowen,8,0.61
choma1,3,1.0
srinivasreddy,17,1.0
jdh2358,1,1.0
JayOfferdahl,4,0.8200000000000001
spencerogden,11,1.0
mefergus,1,1.0
Jaisu-1,5,1.0
JoKeyser,2,0.5
waltonjones,7,1.0
labodyn,4,1.0
bscully27,12,1.0
pzakielarz,4,0.5
jamescasbon,2,1.0
colinfang,6,1.0
mrparsaeian,19,1.0
sharad-vm,3,0.0
Ouwen,2,1.0
ash13,7,1.0
huyng,2,1.0
aechase,12,1.0
ron819,41,1.0
mircea-cosbuc,1,1.0
leifwalsh,6,1.0
ProfPh,1,0.6
benkuhn,4,1.0
FHaase,63,1.0
yidatao,1,1.0
markyoder,6,1.0
sburns,4,1.0
JanLauGe,7,0.8
xmnlab,4,1.0
ahowl7mx,8,1.0
reidhin,1,1.0
metasyn,12,1.0
jlopezpena,4,1.0
antoinecomp,3,0.5
GitOffice,11,1.0
EpochalEngineer,2,1.0
mlangiu,2,1.0
madphysicist,2,1.0
jlricon,4,1.0
egslava,2,1.0
seidapps,15,1.0
willembressers,1,1.0
gzcf,2,0.5
poplarShift,1,1.0
qingkaikong,1,1.0
Pabla007,2,1.0
NirantK,12,1.0
andrewryno,8,0.8
manojpandey,4,1.0
stakas,1,1.0
fridiculous,8,1.0
bkasel,3,0.92
robinsonjj,2,1.0
ayorgo,1,1.0
talltom,1,1.0
jonwtan,1,0.5
coreycb,4,0.0
allenqm,2,1.0
bourbaki,16,0.9825
puterleat,5,1.0
sancau,10,1.0
uweschmitt,3,1.0
markns,2,1.0
syduan,3,1.0
VladMironov,2,1.0
ODemidenko,14,0.5
melzoghbi,9,0.0
rekado,3,0.33
todddeluca,1,1.0
amblina,2,1.0
wezzman,4,1.0
fdroessler,7,0.89
EntilZha,1,1.0
Naddiseo,13,1.0
BKJackson,7,0.0
vograno,2,1.0
ThinkOnData,7,1.0
abador,9,1.0
sirinath,3,1.0
kghose,16,1.0
zzzeek,13,0.5
ssanderson,54,1.0
andrewdalecramer,24,0.6699999999999999
darshanlol,6,1.0
josesho,2,1.0
krismetha,3,1.0
maestropandy,7,1.0
rajanski,2,1.0
tastyminerals,4,1.0
Safrone,18,1.0
amir20,4,0.5
san089,2,1.0
adrtod,4,0.0
TsvikiHirsh,4,1.0
kramimus,1,1.0
commonlisp,2,0.9
chaseschuette,2,1.0
cgopalan,10,1.0
brianckeegan,4,1.0
joetl,4,1.0
andrethrill,2,1.0
spedygiorgio,3,1.0
verascity,2,1.0
RodolfoRFR,2,1.0
emsems,1,1.0
Giftlin,24,1.0
mcsalgado,1,1.0
jesaerys,1,1.0
rgbkrk,47,1.0
jdavidheiser,4,0.0
barondu,5,0.75
markjszy,3,1.0
keoughkath,3,1.0
TheGhostHuCodes,2,1.0
ccordoba12,19,1.0
tbaer-c7ks7s,7,1.0
puifais,2,1.0
Kiv,7,1.0
jkyeung,5,1.0
alexcwatt,7,1.0
Shellcat-Zero,5,0.5
charlesdong1991,97,1.0
GuessWhoSamFoo,17,1.0
cdeterman,4,1.0
topper-123,455,1.0
jsphon,3,1.0
htzh,2,0.83
shrunyan,5,1.0
Licht-T,102,1.0
villasv,5,0.0
smdabdoub,6,1.0
jcontesti,12,1.0
kevinastone,12,1.0
sylvinus,2,1.0
sthornington,3,1.0
dumbledad,1,1.0
threemonks,5,1.0
msabramo,6,0.5
waqarmalik,2,1.0
vitteloil,3,1.0
oscar6echo,10,1.0
madman-bob,1,1.0
bmwilly,1,1.0
wxianxin,11,1.0
TKlerx,9,1.0
Remnan13,23,1.0
neo01124,5,1.0
newinh,5,0.75
dave-kirby,5,1.0
YDD9,5,1.0
velxundussa,4,1.0
jhrhew,1,1.0
giogix2,2,1.0
mojones,2,1.0
asadovsky,4,0.0
xmduhan,8,1.0
maxencedb,8,1.0
bmcfee,6,0.71
micahjsmith,12,1.0
gorkypl,3,1.0
timdiller,1,0.0
ldconejo,2,1.0
Wilfred,17,1.0
Cheukting,24,1.0
par2,2,1.0
aixtools,4,1.0
RubensZimbres,3,1.0
amcpherson,12,1.0
abhimanyu3,3,1.0
gayodeji,1,0.0
ctivanovich,2,1.0
tstoeger,1,1.0
PeterKucirek,4,0.83
MarcoPorracin,1,1.0
adrivsh,16,1.0
greenafrican,2,1.0
JackZL,6,1.0
OlafEichstaedt,18,0.0
sighingnow,12,1.0
liangbright,2,1.0
emunsing,5,1.0
sgsaenger,9,0.0
hobson,1,1.0
brydavis,10,1.0
lloydkirk,4,1.0
batterseapower,9,1.0
p3trus,2,1.0
CaselIT,11,1.0
KimiJL,4,1.0
dickreuter,22,0.845
stuarteberg,7,1.0
gmacario,2,1.0
mattions,4,0.6699999999999999
spool,7,1.0
ibackus,1,1.0
tgriek,11,1.0
amillb,1,1.0
conmai,1,1.0
Teckloon,17,1.0
seanDot7,3,1.0
PBrockmann,12,1.0
altaurog,13,1.0
michaelaye,250,1.0
robintw,5,0.78
keeganmccallum,2,1.0
MJBee,12,1.0
xappppp,11,1.0
lusewell,1,1.0
antopolskiy,2,1.0
stevekm,7,1.0
ram1421,19,1.0
charlescbeebe,3,1.0
tdszyman,1,1.0
Lefatse,2,1.0
NowanIlfideme,2,1.0
cel4,12,0.96
marioga,1,1.0
jmerkow,3,1.0
esdu,1,1.0
tpietruszka,15,1.0
vss888,19,1.0
kubaraczkowski,2,1.0
mjnicky,2,1.0
milkypostman,11,1.0
meloncholy,2,1.0
himanshu720,1,1.0
markroxor,1,1.0
justmarkham,6,1.0
vincentarelbundock,16,1.0
fersarr,8,1.0
simonm3,15,1.0
jtkiley,24,0.8833333333333333
stangirala,20,0.9433333333333334
martharobinson,3,1.0
nchmura4,9,0.88
abirkmanis,2,0.0
Kam-ds,3,1.0
philliproso,8,1.0
danpere,1,0.0
kevindavenport,30,1.0
acorbe,23,1.0
freifrauvonbleifrei,1,1.0
janmedlock,4,1.0
nfreundlich,4,1.0
jiahfong,5,1.0
cottrell,23,1.0
leungwk,1,1.0
Karel-van-de-Plassche,2,1.0
tsdlovell,7,0.83
nynorbert,4,0.0
oricou,5,1.0
grechut,1,1.0
im-n1,1,0.5
hmmerino,1,1.0
yuanxiangxie,3,1.0
ososos73,1,1.0
jkornblum,1,1.0
ldmnt,3,1.0
ImNick23,4,1.0
blairg23,5,1.0
icyblade,10,1.0
artuntun,1,1.0
kohaugustine,2,1.0
thrasibule,6,1.0
Xparx,2,1.0
PyDeq,6,0.75
andrewgiessel,6,1.0
enzoFerrazzano,1,1.0
matmcnic,1,0.0
zhujun98,3,1.0
OrkoHunter,4,1.0
Rgitz-setuserv,3,1.0
SonoDavid,1,1.0
cyyang81,1,1.0
theairportexplorer,4,0.75
tian-yu-ic,3,1.0
user32000,1,1.0
arisliang,2,1.0
luchofarje,3,1.0
lesteve,24,1.0
spott,4,1.0
olebole,5,1.0
jnorwood,7,1.0
watercrossing,19,1.0
stevenbw,9,1.0
danse,2,1.0
fortooon,1,0.5
museghost,5,1.0
dado0583,1,1.0
amardeep-sm,4,1.0
SReicheltPTV,3,1.0
pandres,7,0.415
jelmelk,10,0.0
ashishsingal1,37,0.6699999999999999
djrobust,5,1.0
brazilbean,11,0.5
joha1,1,0.6699999999999999
0phoff,5,1.0
tsznxx,4,1.0
jscheithe,3,1.0
codingyourlife,1,0.0
STguerin,1,1.0
patclaffey,3,1.0
chankeypathak,3,1.0
corranwebster,1,1.0
gayathri89,6,1.0
aggarwalvinayak,8,1.0
d-chambers,1,1.0
yuvraj2987,2,1.0
GeorgieBanks,7,1.0
pllim,1,1.0
trvrm,6,0.9
wildraid,11,1.0
beckermr,6,0.835
mikebailey,4,1.0
smlewis,4,0.6699999999999999
hnykda,33,1.0
mhabets,13,0.0
josepablog,3,1.0
eike-welk,1,1.0
Sup3rGeo,38,1.0
arnau126,11,1.0
zhaoxiaozhi,3,1.0
xrmx,4,1.0
ajmazurie,7,0.5
fumitoh,1,1.0
xuanxiangyu,1,1.0
hfwittmann,2,1.0
roger-,2,0.75
nbonnotte,84,1.0
David-OConnor,8,1.0
sdrees,4,1.0
hussainsultan,6,1.0
humford,8,1.0
keshavramaswamy,13,1.0
MJuddBooth,7,1.0
Harbalnasser,8,0.0
lmarti,3,1.0
pt247,4,1.0
znmean,2,1.0
tiboxpoh,1,1.0
nicolasdaviaud,3,1.0
AndreaBarbon,8,1.0
cwwalter,9,1.0
kieranholland,7,1.0
nadavbra,3,1.0
tjcrone,2,1.0
ekipmanager,1,1.0
AndrewYinLi,3,1.0
davidallenmann,1,0.5
ikari-pl,6,0.0
J535D165,8,1.0
boarpig,6,0.835
raivivek,2,1.0
ri938,7,1.0
webartifex,3,1.0
lesley2958,4,1.0
andersbogsnes,1,1.0
leroygr,7,1.0
Rajjae,3,0.0
jonmmease,41,1.0
miguelcdpmarques,9,1.0
pecey,2,1.0
buggi22,2,0.0
iros,3,1.0
trevorpburke,2,1.0
prossahl,11,0.33
anntzer,13,1.0
HHest,3,1.0
kyleabeauchamp,19,1.0
corr724,10,1.0
tswast,28,0.5
NGJROMO,2,1.0
canyon289,3,1.0
jsw-fnal,2,0.75
fnielsen,5,1.0
GGordonGordon,28,1.0
mikkokotila,12,1.0
AeroWRX,1,1.0
fwillo,2,0.5
HoweZZH,1,0.0
attack68,4,1.0
Phibedy,2,1.0
samgd,1,0.5
groutr,5,1.0
FrancescAlted,10,0.75
OmerJog,22,1.0
mezzode,2,1.0
sakulkar,2,1.0
matthewwillian,3,1.0
vhlongmore,4,1.0
sandys,2,1.0
stantontcady,3,0.5
craustin,23,0.83
jiamo,8,1.0
mverleg,3,1.0
ittVannak,3,1.0
yomoko,2,1.0
ys198918,6,1.0
elDan101,6,1.0
samkuehn,2,1.0
dakl,2,1.0
adnelson,3,1.0
agraubert,1,0.0
maxgrenderjones,65,1.0
bmpalatiello,9,1.0
akun1,19,1.0
ManjushaBolishetty,4,1.0
ankitdhingra,2,0.5
willingc,2,1.0
jmehault,2,1.0
hironow,3,0.6699999999999999
afonit,1,1.0
danxshap,2,1.0
lpenguin,6,1.0
babrik,2,0.0
berkay-dincer,1,1.0
dtcaciuc,4,1.0
Jeitan,6,1.0
MaxNoe,14,1.0
marilyndavis,2,0.8
fzumstein,1,1.0
grantstephens,19,1.0
zfrenchee,45,0.92
seanyeh,3,0.5
Garrett-R,19,1.0
jiffyclub,4,0.5566666666666666
feldman4,1,1.0
EVaisman,4,1.0
alexfields,6,1.0
kielpins-hp,2,0.0
matthiastns,3,0.91
davidovitch,17,0.88
meowser,1,1.0
pybokeh,8,0.5
Hedendahl,3,1.0
felipefariax,7,1.0
ngenain,1,1.0
uperetz,1,1.0
jason-s,3,1.0
swarajban,6,1.0
hz336,3,1.0
macd2,10,1.0
almaleksia,13,1.0
bsaunders23,10,1.0
CRP,33,1.0
tomfitzhenry,6,1.0
dbfin,1,0.0
jcrotinger,17,1.0
jaysw,5,1.0
vladfi1,2,0.6699999999999999
ajschumacher,8,1.0
danieljl,10,1.0
srib,14,1.0
saddy001,9,0.0
mcneary70,4,0.5
jblackburne,5,0.9
lukauskas,3,1.0
Mofef,11,0.79
harshnisar,8,0.9333333333333332
metakermit,37,1.0
pierremoulinier,4,1.0
mhlevgen,4,1.0
tjader,4,1.0
nickos556,4,1.0
rth,27,1.0
rileymcdowell,9,1.0
kdebrab,48,1.0
davidshinn,7,1.0
beojan,12,1.0
sdispater,5,1.0
KOLANICH,4,1.0
samcan,10,1.0
colonder,4,1.0
cpcloud,2545,1.0
Henry2012,7,1.0
wangxuesong29,8,0.0
thinkingatoms,2,1.0
tponthieux,5,1.0
eswara3202,1,1.0
akoeltringer,3,1.0
akosel,8,1.0
ZiyeHan,3,0.0
dancsi,4,0.6
neilfrndes,9,1.0
moonshoes87,3,1.0
mitchnegus,9,1.0
shuiyuejihua,3,1.0
hpaulj,2,1.0
Gearlux,4,1.0
kousu,1,1.0
colinmorris,7,1.0
erbian,6,1.0
davidastephens,61,0.955
miraculixx,9,1.0
tweakimp,3,1.0
mjsu,2,0.83
mmitsui,1,1.0
TheKonanKouassi,3,1.0
AdamGleave,7,1.0
rs481,2,1.0
roveo,2,1.0
erg,11,1.0
blucap,1,1.0
songhuiming,3,1.0
viksit,1,1.0
chengguangnan,4,1.0
aerymilts,3,1.0
wilsaj,1,1.0
grisaitis,1,1.0
gwpdt,2,1.0
hertzmann,1,1.0
rsignell-usgs,13,1.0
sbneto,7,1.0
anirudhjoshi,1,0.0
johnml1135,1,0.5
kpillman,2,0.5
bboerner,3,0.9033333333333332
dalejung,198,0.5
stefsmeets,3,1.0
oztalha,4,1.0
JamesPHoughton,17,1.0
toddrme2178,5,1.0
gnebehay,1,1.0
mcobzarenco,13,1.0
jefferythewind,8,0.5
phdoerfler,1,1.0
jeffzi,7,1.0
tstw414,3,1.0
spulec,4,1.0
cancan101,375,1.0
HubertKl,19,1.0
DavidCEllis,5,0.0
MathTinker,1,1.0
leonbaum,14,1.0
ilya-kolpakov,2,1.0
swinman,11,1.0
mbain108,5,1.0
yifeim,5,1.0
maartenbreddels,2,1.0
apopescu,1,1.0
dmsul,13,1.0
youlyst,4,1.0
andrewchou34,5,0.6699999999999999
lingster,5,1.0
TwoToFourYears,1,1.0
famargar,3,1.0
samueljohn,2,1.0
pprett,4,0.0
lycanthropes,18,1.0
cneerdaels,1,1.0
alessandrobenedetti,6,1.0
zhiruiwang,12,1.0
Holt59,5,1.0
shangyian,18,1.0
marcomayer,10,1.0
logannc,1,1.0
iago-lito,1,1.0
schettino72,26,0.875
stoddardg,5,1.0
arnicas,4,1.0
dexter2206,1,1.0
iamaziz,3,1.0
myyc,6,0.89
rtotheb2000,3,1.0
barisser,5,1.0
szs8,14,1.0
gjanvier,5,1.0
mt-digital,3,1.0
Omnomnominous,4,1.0
rforgione,7,1.0
tdamsma,24,1.0
deepankarsharma,2,1.0
vivekf103,2,1.0
KonstantinSchubert,6,1.0
cing,9,1.0
louist87,6,1.0
jbradish,6,1.0
ojdo,2,1.0
dkasak,5,1.0
szaiser,4,1.0
bjacobowski,2,1.0
tony-mowers,2,1.0
sergodeeva,6,1.0
RobStelling,19,1.0
stharrold,6,1.0
arpit1997,3,1.0
genchik1,2,1.0
JWarmenhoven,3,1.0
jessehoff,3,1.0
jeffrechten,2,1.0
VincentLa,41,0.6675
clearf,2,1.0
DanielWeitzenfeld,1,1.0
ze-phyr-us,1,1.0
kou,3,1.0
stephenpascoe,13,1.0
elapuestojoe,2,1.0
sursu,13,1.0
oriolmirosa,7,1.0
kaushik-work,2,1.0
mcarans,2,1.0
thoo,101,1.0
hksonngan,10,1.0
dramage1,5,1.0
phil20686,6,1.0
linuxster,5,1.0
wbolster,3,1.0
guocheng,2,0.6699999999999999
jhamman,11,0.8
jkokorian,4,1.0
addresseerajat,4,0.0
hmgaudecker,52,1.0
sevaader,1,1.0
jeremybickerstaffe,5,0.5
RAHAAMA,3,1.0
philippegr,1,1.0
erichamers,2,1.0
vrajmohan,7,1.0
icanhazcodeplz,4,0.83
jvns,2,1.0
benitocm,4,1.0
adrian-castravete,3,1.0
abjer,1,1.0
yui-knk,14,1.0
Batalex,2,1.0
mrjbq7,10,1.0
wavexx,30,0.6
NigelCleland,1,1.0
peacedefender,3,0.83
PKEuS,18,1.0
cecilialiao,2,1.0
juhi24,1,0.75
lababidi,11,0.78
alexchamberlain,3,1.0
sandrotosi,4,1.0
apm582,1,1.0
ksasi,3,1.0
bagmanas,4,0.0
medullaskyline,5,1.0
yadunathg,2,1.0
viveshok,1,1.0
justinjdickow,8,1.0
iamlydialawal,5,1.0
sixtysecond,1,0.75
edwardw,3,1.0
Buttonwood,4,0.5
toddrjen,41,1.0
supergra,2,1.0
ishanb97,6,1.0
tapiralec,3,1.0
fkaufer,12,1.0
jeanmn,1,1.0
kobejohn,3,1.0
edublancas,2,0.835
NadiaRom,3,1.0
bikestra,1,1.0
black-snow,5,0.75
TartySG,5,1.0
zaxliu,6,1.0
subhrm,10,1.0
patrickhoebeke,1,1.0
zaks,1,1.0
mbirdi,26,0.5
MrArca9,8,1.0
harshul1610,4,0.0
pcluo,15,1.0
mcocdawc,11,1.0
bartaelterman,5,0.8
cdknox,3,1.0
leeyspaul,11,1.0
ftune,10,1.0
chrisjbillington,6,0.86
feilchenfeldt,3,1.0
pikeas,11,1.0
shastri007,2,1.0
genghis88,2,0.5
akapocsi,3,1.0
kennetham,2,0.5
drewmassey,14,1.0
taavi,3,0.6666666666666666
wguan326,1,1.0
bryanfree66,10,1.0
rsdenijs,23,0.6699999999999999
aflaxman,27,1.0
j-musial,6,1.0
economy,5,0.8
josef-pkt,73,1.0
thesby,3,1.0
mapio,5,0.83
mindej,1,1.0
lkugler,3,1.0
anotherbugmaster,1,1.0
floriangeigl,3,0.0
detrout,20,0.75
pyryjook,6,1.0
andyljones,3,1.0
karissa,5,1.0
joeddav,9,1.0
broessli,6,1.0
chrisaycock,122,1.0
dingo9,2,1.0
yasirs,1,1.0
oetcoleman,2,1.0
keitakurita,9,1.0
vaibhavhrt,20,0.4300000000000001
jvangael,1,1.0
AnkurDedania,4,1.0
romulomadu,3,1.0
mrw34,3,1.0
arthurgerigk-rocket,3,1.0
dworvos,3,1.0
lemonlaug,6,1.0
BodonFerenc,11,1.0
vjeet,1,1.0
frubino,3,1.0
bcabs,2,1.0
austinlostinboston,2,0.0
techvslife,17,0.6
jwkvam,2,1.0
rumbin,4,1.0
jierice,1,1.0
boulderZ,1,1.0
ylogx,2,1.0
rajibmitra,9,1.0
Majeed-Sahebzadha,7,1.0
hewgreen,1,1.0
pan0ramic,2,1.0
matthiashuschle,7,0.0
gdtroszak,4,1.0
snowbeta,6,1.0
echu79,2,1.0
mansenfranzen,4,1.0
MatzeB,1,1.0
jsnowacki,2,1.0
anirban93,3,1.0
yanxiaole,1,1.0
zxymark221,1,1.0
kontinuity,1,1.0
naure,4,0.875
aschilling,20,1.0
AlbertRothman,4,1.0
imelee,1,0.33
scootty1,25,1.0
krishnan2107,2,0.6699999999999999
vincenzooo,5,0.33
sunilshah,5,1.0
lo-co,5,1.0
hfoffani,1,0.5
rmihael,3,1.0
schwallie,2,1.0
SamWheating,1,1.0
marcusinthesky,2,1.0
bk521234,4,1.0
Tarrasch,3,1.0
Twizzledrizzle,19,0.6699999999999999
petroswork,2,1.0
bwignall,32,0.0
femtotrader,68,1.0
Marigold,12,1.0
cswarth,29,1.0
ev-br,6,0.8
jackalhan,1,0.6699999999999999
lJoublanc,9,0.6699999999999999
StephenVoland,2,1.0
tony,5,1.0
amills61,15,0.0
dubielt1,3,1.0
ShivangiM,3,1.0
grsr,3,1.0
ccsv,15,1.0
tomazberisa,3,1.0
chananshgong,5,1.0
coroa,1,1.0
nehalecky,136,1.0
gatsoulis,1,1.0
stillmatic,5,1.0
levon003,1,1.0
mortonjt,2,1.0
dhirsch,4,1.0
Ranadheer1,3,1.0
dbinetti,3,1.0
leo4183,6,1.0
orthaeus,6,1.0
dscheste,1,1.0
amelio-vazquez-reina,44,0.0
reportgunner,2,1.0
nvie,4,0.8
pylang,18,1.0
marknsikora,6,1.0
gtakacs,2,1.0
alfonsomhc,16,1.0
qiaoqiaozhu,3,1.0
akselx,8,1.0
roldugin,1,1.0
breckuh,3,0.0
vtoliveira,3,1.0
Sereger13,16,1.0
rocurley,2,1.0
dinya,6,1.0
pablojim,2,0.0
Bklyn,4,1.0
LionelR,3,1.0
dclong,6,1.0
paulperry,2,0.83
gregKiely,1,1.0
SplashDance,3,1.0
arisolt,1,1.0
fakio,2,1.0
jacobSingh,11,1.0
prakritidev,2,1.0
skeller88,4,1.0
kevinsa5,5,1.0
mkuklik,2,1.0
scotthuang1989,1,1.0
sborgeson,4,1.0
wesm,2558,1.0
fera0013,2,1.0
msund,1,1.0
Winterflower,32,0.6699999999999999
mcherkassky,9,1.0
zhuhuren,3,1.0
frehoy,2,1.0
Ty-WDFW,6,1.0
htkm,5,1.0
MattW216,5,1.0
JensHumrich,1,1.0
wdroz,2,1.0
rubennj,14,1.0
rpetchler,2,1.0
aoz,2,1.0
liuyigh,7,1.0
nickeubank,123,0.5
fzalkow,2,1.0
paul-lilley,6,1.0
Khris777,16,1.0
akanago,3,1.0
djgagne,3,1.0
mail2saiky,5,1.0
jdferreira,11,0.0
msiler,3,1.0
rominf,8,0.9
blalterman,28,1.0
aviolov,5,1.0
apcamargo,2,1.0
hbrumley,2,0.0
JamesTrick,2,1.0
4a616d6573205265696c6c79,1,1.0
roysc-zz,2,1.0
holymonson,21,1.0
sasan00,1,1.0
neilser,9,1.0
jmerkin,8,1.0
shaolifu,2,1.0
natashawatkins,2,1.0
loneosama,1,1.0
ptomask,1,1.0
MaxVanDeursen,18,0.5
adeodatus,2,1.0
cip,3,0.0
John-Colvin,12,1.0
zhangxiangnick,2,1.0
jbarotin,1,1.0
nspies,28,1.0
m-novikov,8,0.86
ja-b,8,1.0
csfarkas,2,1.0
mewwts,2,0.5
jalexvig,3,1.0
osterburg,1,1.0
NeuralFlux,5,1.0
ritwickdsouza,4,1.0
wwpokenet,3,1.0
dibgerge,2,1.0
Sobes76rus,1,1.0
edparcell,1,1.0
EvanZ,4,1.0
Bharat123rox,3,1.0
zkk995,2,1.0
MattWoodhead,3,1.0
liesb,2,1.0
tiffanygwilson,5,1.0
faulaire,6,1.0
kender99,1,1.0
has2k1,32,1.0
sergiopasra,1,1.0
ledmonster,5,0.965
vnlitvin,27,1.0
heckeop,3,1.0
mcjcode,9,0.6699999999999999
ruoyu0088,7,1.0
myint,1,1.0
miaoxu9999,3,1.0
sam4u3,1,1.0
stoneyv,5,1.0
lopez86,3,1.0
theperfectscript,3,1.0
mukesh5,2,1.0
PH82,10,1.0
HHammond,11,1.0
brentp,6,1.0
ChrisMuir,5,1.0
aravindsd,4,1.0
Llewelyn62,1,1.0
dpavlic,6,1.0
Will-So,1,1.0
raderaj,6,1.0
eamartin,4,1.0
SelenaIsLovely,1,1.0
nospoon81,5,1.0
brainysmurf,5,1.0
cchrysostomou,4,0.6699999999999999
Utumno,4,1.0
gdrum,1,1.0
ckingdon95,2,1.0
r-velde,2,1.0
ArtinSarraf,38,0.925
mhnatiuk,1,1.0
chrism2671,5,1.0
affanv14,2,1.0
pauleikis,2,0.0
jacobschaer,58,1.0
pfrcks,27,1.0
alefnula,50,0.5
tdhock,6,0.75
arsenovic,3,1.0
alexbk66,11,1.0
nmvasani,2,0.93
floli,3,1.0
rdmontgomery,8,1.0
jobevers,5,1.0
ronenabr,3,1.0
JaysonSunshine,8,1.0
jostheim,11,1.0
jamalsenouci,1,1.0
yikelu,2,1.0
EmlynC,2,1.0
realfdb,2,1.0
JimJeon,8,1.0
jniznan,6,1.0
rizac,1,1.0
bdforbes,5,1.0
joshlk,30,1.0
hottwaj,3,1.0
danishnazir,2,1.0
sietse,2,1.0
milindsmart,1,1.0
Malouke,1,1.0
blbradley,12,1.0
Peque,12,1.0
scarabeusiv,5,1.0
tejesh95,1,1.0
jimmycallin,3,0.5
ned-deily,5,0.6
multiloc,35,1.0
mrcavam,1,1.0
fmagin,7,1.0
bfarrer,5,1.0
DZPM,7,1.0
JulieRossi,3,1.0
avivbd,3,1.0
zoquda,3,1.0
hbredin,5,1.0
aviPython,4,1.0
mlazarew,1,1.0
Amyunimus,7,1.0
pwalsh,14,1.0
KeiMae,1,1.0
brownmk,7,1.0
limx0,2,1.0
dsimmie,3,1.0
eriknil,2,1.0
jasoriya,4,1.0
nirvana-msu,2,1.0
jpdus,3,1.0
gkonefal-reef,6,1.0
jaypeedevlin,9,1.0
physicsistic,1,1.0
cozgenc,2,1.0
harshitgoyal,2,0.6699999999999999
MarshallChris,2,1.0
alessioarena,3,0.0
drewejohnson,7,1.0
LEO-E-100,5,1.0
mathause,2,1.0
IgorFobia,3,1.0
fx86,6,1.0
katychuang,8,1.0
jreback,28609,0.75
xslates,1,1.0
YuechengWu,10,1.0
Object-v,3,1.0
praveern,6,1.0
lsbardel,1,1.0
ellsaking,9,1.0
yarivm,15,1.0
itssimon,2,1.0
dougthor42,2,1.0
ghego,4,1.0
RobMulla,11,0.75
wrobell,8,1.0
romquentin,1,1.0
lexual,62,1.0
zdog234,5,1.0
minhouse,5,1.0
neilaronson,8,0.5
njvack,2,0.5
david-zwicker,2,0.0
drdhaval2785,2,1.0
meltemiatay,4,1.0
Lunran,2,1.0
eamag,7,1.0
kaushikb11,2,1.0
OlexiyO,6,1.0
dagru,5,1.0
eldad-a,11,0.5
No-Stream,6,0.71
eode,1,0.75
nathholf,1,1.0
hamedhsn,8,1.0
dundo4he,7,1.0
VolkerH,1,1.0
shldngzh,7,1.0
Chet-Sheng,2,0.78
jvaldiviezo9,4,0.0
krivonogov,2,1.0
JGoutin,2,0.8
cdagnino,5,1.0
dirkjot,5,1.0
abi-aryan,11,1.0
Sonupival6,19,1.0
datadonK23,6,1.0
rtkaleta,10,0.5
scholz,1,1.0
Dmitrii-I,4,1.0
Itay4,1,1.0
AKuederle,6,0.5
shankari,6,1.0
M00NSH0T,4,1.0
ganego,2,1.0
ardoi,2,0.6699999999999999
mehemken,7,1.0
annette987,5,1.0
sylvaticus,4,1.0
mpenkov,5,1.0
evanzd,2,1.0
kaushlakers,2,1.0
stefanw,21,1.0
midnightradio,8,0.0
djlancelot,3,1.0
Ffisegydd,4,1.0
gnilrets,6,1.0
adshieh,3,1.0
scheung38,5,1.0
KhaledTo,3,1.0
jetheurer,2,1.0
bastianl,5,0.8
jabellcu,1,1.0
brechea,1,0.0
gregsifr,7,1.0
vaibhawc,3,1.0
mstanichenko,2,1.0
wjt,1,1.0
ultrabosss,4,1.0
elyase,11,1.0
senaj,3,1.0
marctollin,3,0.8
kleingeist,1,1.0
cissy7125,3,1.0
lukovnikov,3,0.86
prabhatM,1,1.0
gliptak,125,1.0
ifmihai,12,0.8
tstriker,8,1.0
cciccole,2,1.0
FelipeLema,1,1.0
Yalniza,3,1.0
adrienpacifico,2,1.0
aberres,1,1.0
yanguizhuangzhuang,1,1.0
PetitLepton,10,0.8
mivade,4,1.0
karkirowle,4,0.0
bmoscon,16,1.0
bzier,2,1.0
leonmal,3,1.0
abieler,4,1.0
dwillmer,3,1.0
deanjones,7,1.0
funnycrab,12,0.8866666666666667
ehogan,2,0.62
ydovzhenko,4,1.0
gabrielreid,5,1.0
randyzwitch,6,0.0
anjalibhavan,5,1.0
Nashcai,3,1.0
dmanikowski-reef,2,1.0
simonjayhawkins,286,1.0
markfink,8,0.0
azenin,2,1.0
yosuah,11,1.0
rainjacket,8,1.0
kuanche,2,1.0
alphaCTzo7G,15,1.0
ashukla411,2,1.0
cstegemann,2,1.0
hensing,7,1.0
datapythonista,1385,0.6699999999999999
tapia,3,0.5
asqui,2,1.0
aschade92,1,1.0
maciejkula,8,0.6699999999999999
tpall,7,1.0
ixru,2,1.0
egpbos,5,1.0
mgoodhand,3,1.0
kylekeppler,2,1.0
JurijsNazarovs,6,1.0
remidebette,3,1.0
jhrmnn,3,1.0
matthias-ollig,4,0.0
bmu,26,1.0
tom-bird,21,1.0
AntonVlasenko,5,1.0
GergelyKalmar,1,1.0
jacksonloper,2,1.0
KetothXupack,4,0.6699999999999999
kierun,2,0.6699999999999999
butterflyskip,2,1.0
pgeez,1,1.0
tanimislam,3,1.0
SPBST,8,1.0
ededovic,1,0.5
bpben,8,1.0
TimTimMadden,3,1.0
teese,10,1.0
araespahan,9,1.0
carpevitam,2,1.0
souravsingh,15,1.0
YunhaoHe,3,1.0
stantyan,10,1.0
danieljacobs1,2,1.0
sangramga,1,1.0
sbtlaarzc,3,1.0
MOZGIII,3,0.5
jeremysalwen,2,1.0
AndrewUshakov,7,0.5
andersrmr,7,1.0
Gee0802,1,1.0
Adirio,7,0.33
abrakababra,10,0.0
yyl,19,1.0
pythonator,4,1.0
zhimakaimenxa,2,1.0
ratulbhadury,6,1.0
david-cortes,1,1.0
rspadim,8,0.5
pranavsuri,5,1.0
xinai57,3,0.0
TheodoreZhao,5,0.0
kmax12,2,1.0
jdemeyer,3,1.0
xenu256,1,1.0
nickwoelk,1,1.0
valenal,1,1.0
ClimbsRocks,7,0.5
jquinon,14,1.0
jl45621,1,1.0
ppallesen,3,1.0
xLaszlo,4,1.0
loretoparisi,2,0.5
FrancescElies,5,1.0
tnir,5,1.0
rakppy,1,1.0
amolkahat,5,1.0
jmcnamara,157,1.0
igorfassen,6,1.0
ayr0,4,1.0
gpoulin,2,0.75
billletson,10,1.0
dahlbaek,44,1.0
changhiskhan,616,1.0
vortexroc,3,0.0
ogiaquino,4,1.0
ndtallant,3,1.0
bthayer2365,4,0.86
hussaintamboli,4,1.0
tgarc,18,1.0
0anton,3,1.0
marcora,7,1.0
jnmclarty,43,1.0
mirage007,4,1.0
frndlytm,7,1.0
corneels,7,1.0
thriveth,3,1.0
konstantinmiller,10,1.0
mogillies,9,0.83
jhmuller,1,0.8
dcroote,1,1.0
nsfinkelstein,1,1.0
jrenner,2,1.0
scottgigante,4,1.0
thequackdaddy,11,0.75
facaiy,24,0.6699999999999999
jcjf,6,1.0
jrbrodie77,3,1.0
byronyi,5,1.0
antonywu,5,1.0
parkerdgabel,3,0.0
eL0ck,2,1.0
guyrt,49,1.0
cpaulik,6,1.0
chncyhn,2,0.5
joejohnson111,1,1.0
asuozzo,7,1.0
tonytao2012,13,1.0
fccoelho,5,1.0
mmajewsk,4,0.6699999999999999
timtroendle,1,1.0
pybern,3,1.0
jeremycg,7,1.0
pirius,2,1.0
jmcarcell,3,1.0
BSchilperoort,1,1.0
atheis4,1,0.0
VincentAntoine,10,1.0
rekcahpassyla,13,1.0
dbew,31,1.0
mbkupfer,6,1.0
Quetzalcohuatl,3,1.0
rafaljozefowicz,4,1.0
timeislove,1,1.0
dwiel,8,1.0
alanbato,16,0.835
gidden,2,0.5
pemontto,6,1.0
raph-m,2,1.0
jerodestapa,7,1.0
sam2702,6,1.0
cbarrick,1,1.0
cauebs,3,0.0
cemsbr,8,1.0
designMoreWeb,1,1.0
jsspencer,1,1.0
dan-blanchard,1,1.0
shishirpy,4,1.0
cstotzer,2,1.0
c-bata,2,1.0
aptiko,5,1.0
blais,10,0.75
ghcn,2,1.0
jdmcbr,11,1.0
spizwhiz,1,1.0
conquistador1492,2,1.0
tungalbert99,2,1.0
joeax,1,1.0
Jenders74,4,1.0
RacingTadpole,1,1.0
sschuldenzucker,3,1.0
p-himik,13,1.0
ottiP,3,1.0
FroxieYe,5,1.0
ligon,14,1.0
cartazio,2,0.8
pbbarnard,1,1.0
reedjosh,1,0.0
melvyniandrag,2,1.0
RomanPekar,22,0.75
DGrady,15,0.6699999999999999
sjdenny,2,1.0
FlxVctr,3,1.0
pmart123,2,1.0
gorkemozkaya,3,0.5
vt100,2,1.0
larvian,7,0.8200000000000001
sechilds,6,0.5
msevrens,10,1.0
mnfienen,1,1.0
davidljung,10,1.0
ruchigarg-DS,1,1.0
harisbal,14,0.5
natethedrummer,1,1.0
mangecoeur,128,1.0
myles,6,1.0
zsluedem,4,1.0
waveform80,2,1.0
ratnaparkhivivek10,1,1.0
dragosthealex,14,1.0
AnthonyGaruccio,2,1.0
MattFaus,2,1.0
kcarnold,2,1.0
yejunzhou,2,1.0
lgonzalezsa,2,1.0
relonger,7,1.0
hammadmashkoor,4,1.0
subhsaha,1,1.0
franktoffel,17,1.0
shoyer,2338,1.0
aaclayton,1,1.0
pjadzinsky,7,1.0
aweinstein,3,0.5
Jaydyou,4,1.0
qucrazy,2,0.75
theoseo,3,1.0
anujloomba,2,1.0
andymcarter,1,1.0
rahulgo,3,1.0
dhirschfeld,88,1.0
schryer,2,0.5
BlackArbsCEO,4,1.0
athrpf,6,1.0
dpitch40,2,1.0
makeyourowntextminingtoolkit,6,1.0
jgoppert,16,1.0
briandavidgreen,2,1.0
TimoRoth,6,1.0
lv10,6,1.0
rla3rd,10,0.875
dreamgonfly,5,1.0
MichaelNorman,1,1.0
david-hoffman,1,1.0
tomanizer,8,1.0
xchaoinfo,9,0.0
gtnx,6,1.0
thanasis2028,4,1.0
ikajic,5,0.75
snetts,7,0.0
Pastafarianist,9,0.875
awhan,4,1.0
smc77,3,1.0
jbuyl,2,1.0
philipperemy,1,1.0
mpeleshenko,2,1.0
lumylovepandas,1,1.0
flystarhe,4,1.0
TrigonaMinima,49,1.0
bkil-syslogng,3,1.0
c-thiel,3,1.0
pep8speaks,5120,1.0
phaebz,30,0.885
mralgos,6,1.0
nleehone,4,1.0
TomAugspurger,9311,0.5
luzpaz,2,1.0
DGalt,1,1.0
dhimmel,86,1.0
dcreekp,16,0.0
VlamV,2,1.0
llimeht,3,1.0
thanatos,3,0.75
DmitriyLeybel,1,1.0
mikapfl,5,1.0
paulgb,2,1.0
doganulus,1,1.0
timseries,7,0.0
abbradar,7,1.0
iamabigstone,1,1.0
rkern,17,1.0
jamescobonkerr,2,1.0
chinux23,1,1.0
mattayes,56,1.0
davidbp,9,1.0
jadolfbr,11,1.0
RjLi13,21,1.0
DenisGDM,2,1.0
tzinckgraf,5,1.0
dluiscosta,9,0.62
joders,1,1.0
asmeurer,2,1.0
wiso,4,1.0
drudd,7,1.0
nathanwdavis,1,1.0
guohaihui,1,1.0
mayouf,1,1.0
pj1989,1,1.0
evarga,3,1.0
DeliciousHair,7,1.0
codecov-io,1983,1.0
aktivkohle,2,1.0
z00b2008,7,0.75
rbakhru,3,1.0
kalefranz,2,1.0
olizhu,5,0.0
BielStela,4,1.0
pmav99,1,1.0
mariocj89,3,1.0
alexander-ponomaroff,62,1.0
edoson,13,0.75
pyscripter,2,1.0
finkelm,3,1.0
mortbauer,4,1.0
javad94,2,1.0
lia-simeone,2,1.0
dwyatte,4,1.0
gossel-j,1,1.0
welchr,1,1.0
bsolomon1124,11,1.0
gbrand-salesforce,4,1.0
MtDersvan,5,1.0
yoonghm,8,1.0
grutts,12,1.0
sdementen,14,0.6699999999999999
venuktan,7,0.93
yz3101,2,1.0
koffie,5,1.0
benedicteslee,1,1.0
benarthur91,10,0.945
sjdv1982,3,1.0
Foadsf,1,1.0
andreacassioli,29,1.0
dev72,10,1.0
stevesimmons,12,1.0
SandrineP,1,1.0
Carla08,3,1.0
levithomason,3,1.0
matheushrd,2,1.0
vanerpool,6,1.0
suntracks,3,1.0
hx2A,1,1.0
jennirinker,1,1.0
jazzmuesli,3,0.5
benoit9126,4,0.6699999999999999
moutai,1,1.0
Qu-Bit,1,1.0
DeltaSigma130,1,1.0
ChristianKleineidam,3,0.0
Fealthas,1,1.0
bartolsthoorn,7,1.0
vi3k6i5,3,1.0
bshanks,1,1.0
puttkraidej,5,1.0
dargueta,12,0.92
henrystokeley,4,1.0
SimonBaron,17,1.0
james-nichols,7,0.6
lorifan,1,1.0
coderop2,3,0.5
jonathanc42,10,1.0
lev112,1,1.0
digital-thinking,2,1.0
fx-kirin,1,1.0
MakGre,1,1.0
hunterowens,9,1.0
marcelm,3,1.0
ivanistheone,1,1.0
nabinkhadka,3,1.0
tsando,9,0.75
stringfellow,10,0.75
ccverg,2,1.0
BuhtigithuB,3,1.0
vladu,2,1.0
the4thv,4,1.0
BenRussert,5,0.6699999999999999
relativistic,5,1.0
yupbank,3,1.0
eronsdc,1,1.0
cfperez,10,1.0
mikedewar,5,1.0
ediphy-dwild,2,1.0
jeffhsu3,5,1.0
ErfPy,2,1.0
gepcel,9,1.0
kiwirob,7,1.0
jrovegno,13,1.0
xpl,5,1.0
ufechner7,2,1.0
matanster,21,1.0
jaron-hivery,8,1.0
shadowleaves,3,0.5
nileracecrew,8,1.0
banagawa,1,0.0
amitavmohanty01,2,1.0
lodagro,302,1.0
gdementen,11,0.6699999999999999
summonholmes,12,1.0
derekwong9,1,1.0
mortada,89,1.0
mhooreman,18,1.0
jim22k,16,1.0
Infernion,15,1.0
kyleam,1,1.0
Anton-vBR,1,1.0
sandbox,2,1.0
dmarinav,8,1.0
invisibleroads,22,1.0
Wuvist,4,0.86
scottlawsonbc,2,1.0
AMFIRNAS,19,1.0
dwt,1,1.0
christopher-llop,2,1.0
evangelineliu,8,1.0
GSanchis,1,1.0
lgautier,36,1.0
bcdarwin,2,1.0
christopherkang,6,1.0
brylie,1,0.6699999999999999
aisthesis,2,1.0
sunfaquir,1,0.6699999999999999
Qiaoyoufeng,1,1.0
kinzleb,5,1.0
fconil,2,1.0
mahnunchik,5,0.9166666666666666
aloukina,1,1.0
nmontpetit,7,1.0
philippos86,2,0.6699999999999999
Kodiologist,15,1.0
pijucha,53,1.0
vitalyisaev2,23,1.0
alistairjames,1,1.0
yudai-nkt,4,1.0
dmlockhart,2,1.0
xmseraph,2,1.0
lordgrenville,10,1.0
blounsbury-usbr,11,1.0
aspiringguru,4,1.0
louispotok,28,1.0
zhuoqiang,9,0.0
hack-c,6,0.6699999999999999
gdbaldw,1,0.5
BruceDai003,1,1.0
umarmurtaza,1,1.0
mdboom,18,1.0
bran112299,1,1.0
shri,1,1.0
mvbentes,1,1.0
ZhuBaohe,15,1.0
auxiliary,3,1.0
ksindi,3,0.89
bigpas,1,1.0
johnramzy,2,1.0
nparley,17,1.0
Rubyj,3,1.0
AndrewRook,1,1.0
hissashirocha,3,1.0
MattDMo,3,1.0
lexmi7,1,1.0
jeremywzh,2,1.0
DavidEscott,13,0.0
arcticbarra,3,1.0
brychlicki-reef,2,1.0
caikehe,2,1.0
Louis-Tian,3,0.5
ben519,3,0.5
kenahoo,8,1.0
joshmalina,2,1.0
mwiebe,13,1.0
Vibhu-Agarwal,10,1.0
badgley,6,0.5
rafiqhasan,4,1.0
miketkelly,49,1.0
sayankolay,1,1.0
datomnurdin,37,1.0
grahamjeffries,9,0.5
mattwigway,2,1.0
jslovan,1,1.0
kynnjo,4,1.0
BrazilForever11,4,1.0
Aurthes,5,1.0
HinataHinata,3,1.0
gloryfromca,5,1.0
fergaljamesoconnor,1,1.0
jamesredwards,8,1.0
WeatherGod,7,0.6699999999999999
cyrushu,2,1.0
parkus,2,1.0
rohanp,11,1.0
mbultrow,1,1.0
pjcpjc,5,0.6699999999999999
matthiasha,4,1.0
bhavaniravi,8,1.0
javadnoorb,30,0.7825
draperjames,4,0.9166666666666666
hzpc-joostk,3,0.86
dw,7,1.0
beOn,1,1.0
krzysztofarendt,1,1.0
puneet988,4,1.0
zk42,1,1.0
DavidStaheli,6,1.0
malbahrani,4,1.0
Ianna1009,8,1.0
mpenning,16,1.0
makokal,1,1.0
spitz-dan-l,4,1.0
smartsystems4u,2,0.5
msure,2,1.0
bad,2,1.0
ge5738,4,1.0
morganbye,2,0.6699999999999999
srinibujjay,3,1.0
uwedeportivo,3,1.0
luca-s,8,1.0
baldwint,6,1.0
wei-yuan,4,1.0
goretkin,10,1.0
abutremutante,8,1.0
flamingbear,13,1.0
markrichardson,1,1.0
AndrewArcher,3,1.0
drorata,26,0.9433333333333334
mdeceglie,2,1.0
YG-Riku,5,1.0
jlwaldeck,3,1.0
khgitting,4,0.6
junjiecai,3,1.0
barrymoo,5,0.87
Nemecsek,6,1.0
tomneep,20,1.0
dat-boris,8,1.0
pjleimbigler,3,1.0
rtlee9,4,0.75
nirvana1122,4,1.0
scottkidder,11,1.0
cindyxinyiwang,3,1.0
andrewm4894,2,1.0
labarba,7,1.0
jwchi,4,1.0
bstempi,7,1.0
andyshermanash,2,1.0
ijmcf,8,1.0
dgua,12,1.0
FabioRosado,15,1.0
gary-dalton,2,1.0
qwe93,5,1.0
mpuels,5,1.0
zonca,2,0.5
mwiebusch78,18,1.0
rajgupt,1,1.0
seboktamas,1,1.0
OmkaarTheGreat,1,1.0
konarkmodi,4,1.0
lidatou1991,8,1.0
immerrr,267,1.0
akhmerov,2,1.0
benjello,70,1.0
jzwinck,62,1.0
sridhu88,5,1.0
andresmrm,3,1.0
LoneStar134,1,0.6699999999999999
refp16,4,0.6699999999999999
nnaman,2,1.0
Zaharid,5,1.0
jefffriesen,5,0.0
cjauvin,2,1.0
gshiba,6,1.0
oliveratutexas,1,1.0
creeson,8,1.0
ijstokes,4,1.0
mgasvoda,4,1.0
endolith,2,1.0
esantorella,5,1.0
zinklandi,2,1.0
cstoudt,2,0.0
Erotemic,5,1.0
xag,2,0.75
Jomme5,1,1.0
NoonienSoong,2,1.0
Sarickshah,5,1.0
markdregan,3,1.0
saivenkatthatikonda7,1,1.0
james18,3,0.0
tacaswell,278,1.0
acowlikeobject,6,1.0
zhihaoy,4,1.0
epa095,1,1.0
garfieldthecat,15,0.75
yarden,4,0.0
drevicko,13,1.0
Wall-ee,1,1.0
awtimmering,1,1.0
jtorcasso,5,1.0
hsperr,17,1.0
ischurov,14,1.0
iamsimha,2,1.0
bolau,4,1.0
zlatko-minev,3,1.0
msampathkumar,10,1.0
cardosan,3,1.0
paul-mannino,13,1.0
slowkow,1,0.8
mmphego,2,1.0
claytonhkim,5,1.0
Pierre-Bartet,9,1.0
djchou,18,1.0
clarkfitzg,15,1.0
dmvianna,2,0.0
Arumugapandian,1,1.0
ssche,9,1.0
dlpd,1,0.75
MTKnife,2,1.0
booox,1,1.0
TurnaevEvgeny,2,1.0
somic,3,1.0
gandhis1,9,1.0
mgabel-stratoscale,3,1.0
verahan,8,1.0
superlou,3,1.0
Udayraj123,2,1.0
jtratner,2092,1.0
jeremyepling,4,1.0
readyready15728,6,1.0
rspeer,4,1.0
AaronCritchley,17,1.0
ewengillies,1,1.0
vvyomjjain,3,1.0
jat9674,1,1.0
0Hughman0,1,1.0
davidfischer-ch,2,1.0
QuLogic,8,1.0
sscherfke,12,0.8066666666666666
lidderupk,5,1.0
dov,23,1.0
masnick,2,1.0
hansendm,1,1.0
pmorissette,7,1.0
maaku,8,0.0
ihoegen,3,1.0
ericksc,2,1.0
johnolos,7,1.0
ZhijieWang,1,1.0
ajspeck,3,0.5
tnilanon,1,1.0
herrfz,1,1.0
matthiasLevy,4,1.0
ParfaitG,10,1.0
rgommers,32,1.0
rora002,1,1.0
skatenerd,7,1.0
CamDavidsonPilon,2,1.0
Dinh-Hung-Tu,7,1.0
Alex-qin,1,0.0
yichen8,10,1.0
nekobon,2,1.0
ciamac,6,1.0
rockg,377,1.0
AlexisMignon,4,0.0
RaulPL,1,1.0
earwig,3,1.0
ibab,6,1.0
thejohnfreeman,7,1.0
hereidk,1,1.0
flyingchipmunk,1,1.0
coppolajj,4,1.0
PukkaPad,6,0.6699999999999999
russlamb,15,1.0
nicktimko,4,1.0
roryhr,6,1.0
Suor,4,1.0
starplanet,3,1.0
CharlesB2,2,1.0
vwood,1,1.0
zoharby,1,0.5
mmcky,1,1.0
fujiisoup,1,1.0
darkvoyager,1,1.0
sweb,3,0.83
spex66,8,1.0
cr3,2,1.0
derrley,6,1.0
mattilyra,14,1.0
jeremywhelchel,13,1.0
listentojohan,2,1.0
sanmai-NL,2,1.0
ellisonbg,26,0.0
skellys,3,1.0
Siecje,5,1.0
pietrotortella,5,1.0
mickaelReuze,1,1.0
rossant,2,1.0
balancap,5,1.0
jcrist,29,1.0
clytemnestra,6,1.0
tjwudi,5,1.0
dwsmith1983,1,1.0
timdiels,3,1.0
cast42,1,1.0
shsymoen,6,1.0
tres-pitt,4,1.0
galfaroi,2,0.5
columW,1,1.0
jaehoonhwang,9,1.0
sdicker8,9,1.0
MarvinT,3,1.0
ArBaDaCarBa,6,1.0
jingdayan,2,1.0
qpleple,5,1.0
phaethon,2,1.0
rbrito,10,1.0
patrick-russell,6,1.0
ManuelLevi,9,1.0
lminer,16,1.0
tamuhey,13,1.0
xchardon,1,1.0
parthea,77,1.0
mitlynk,1,1.0
Tafkas,6,1.0
aggFTW,2,0.6699999999999999
emmygozi,2,1.0
heroxbd,1,1.0
alexisglr,7,1.0
dalito,5,0.5
ngould,14,1.0
pag,12,1.0
zertrin,30,1.0
hanleyhansen,2,0.6699999999999999
jhall6226,17,1.0
iblis17,7,1.0
sajaddarabi,3,1.0
dragonator4,34,1.0
preddy5,7,1.0
JosephWagner,4,1.0
mtrbean,10,1.0
whoopnip,2,1.0
MathieuCliche,1,1.0
joh,8,1.0
mbj047,2,1.0
sam-s,3,0.2
keluc,2,1.0
cyrusmaher,4,1.0
oleksandr-pavlyk,3,1.0
jbigatti,6,1.0
torstees,4,0.5
mrullmi,9,1.0
snordhausen,6,1.0
sfromm-plm,2,1.0
jdejoode,8,0.86
rupesh121,3,1.0
serrajo,1,1.0
Tych0n,2,1.0
pgalilea,3,1.0
garaud,32,1.0
nuin,4,1.0
allayli,2,0.0
dvincentwest,6,0.78
akrherz,6,1.0
antomaly,2,1.0
khwilson-dc,3,1.0
mdagost,1,0.75
mandeep,1,0.33
seanlseymour,3,0.0
arnaldorusso,6,1.0
talp101,6,1.0
Denisevi4,2,0.33
jmkuhn,4,1.0
raguiar2,7,1.0
teto,29,1.0
nikoskaragiannakis,13,0.915
FlavienMakesInfographics,2,1.0
stonefly,5,1.0
karmel,8,1.0
cbertinato,61,1.0
aplanas,5,0.0
jklymak,5,1.0
jrbourbeau,4,1.0
amphy,12,1.0
rhaskett,2,0.835
btel,5,1.0
Make42,5,1.0
dhstack,5,0.0
jsexauer,28,1.0
echlebek,2,1.0
PShiw,3,1.0
janrito,4,0.6699999999999999
akshayparopkari,1,1.0
bhavybarca,14,1.0
joshualeond,1,1.0
mattytrentini,1,1.0
netcan,1,1.0
Shekharrajak,1,1.0
bdemeshev,2,0.6699999999999999
whnr,3,1.0
interrogator,4,1.0
fergyfresh,2,1.0
ajcremona,6,1.0
Michael-E-Rose,12,0.6
Thomasillo,2,1.0
micklat,2,1.0
jmarrec,11,1.0
stigdescamps,1,1.0
Rufflewind,18,1.0
petrounias,3,1.0
gilbertoolimpio,16,1.0
krassowski,11,1.0
sudheesh001,6,1.0
ApolllonDev,4,1.0
rickymal,4,1.0
aschmolck,2,1.0
poswald,3,1.0
samronsin,1,1.0
ofajardo,12,1.0
rahulporuri,6,1.0
ksap1,2,1.0
Fredericxian,1,1.0
zym1010,9,1.0
moleary,2,1.0
tripkane,11,0.75
joshdempster,7,0.0
kid3night,5,1.0
renewang,3,1.0
drasch,5,1.0
hsbarbosa,7,1.0
josham,13,1.0
Emanolo786,4,0.8
bertrandhaut,9,1.0
n0mik0s,2,1.0
idahogray,2,1.0
hashamMunir,9,1.0
carlosdanielcsantos,5,1.0
jdmarino,6,1.0
adri0,7,1.0
cowpig,4,0.25
sakurai-youhei,3,0.75
mungojam,2,1.0
JB712,5,1.0
ivremos,1,1.0
steven-cutting,4,1.0
brendon9x,3,1.0
headdab,2,1.0
jfuentescpp,6,1.0
tdhopper,15,1.0
durack1,2,0.6699999999999999
tommycarstensen,3,1.0
Masterxilo,13,1.0
eoghanmurray,1,1.0
gfairchild,13,1.0
ShashankBharadwaj,10,1.0
imih,16,1.0
jalammar,3,1.0
balajikalluri,8,1.0
ehein6,4,1.0
annkia,9,1.0
codeisnotcode,2,1.0
xingren23,8,1.0
bdanalytics,2,1.0
laserson,8,1.0
MichaelSchroter,1,0.0
SimonAlecks,12,0.965
uzihs,2,1.0
paulgueltekin,5,1.0
dandxy89,3,1.0
weatherfrog,1,1.0
vbarda,4,1.0
gk13,5,0.86
Deborah-Digges,7,0.6699999999999999
fantabolous,7,1.0
LindyBalboa,4,1.0
michaeldhealy,2,1.0
saxaholic,5,1.0
abiteboul,2,0.5
ovz,3,0.86
Morgan243,9,1.0
matthew-brett,31,0.5
pydolan,4,1.0
fanguoguo,5,1.0
eXcuvator,6,1.0
andybrnr,2,1.0
sleepdeprivation,6,1.0
jameserrico,12,1.0
JenniferHemmerich,1,1.0
knm,1,1.0
nealmcb,3,1.0
EdAbati,10,1.0
dfernan,15,1.0
bytesemantics,2,1.0
jonathanrocher,11,1.0
tollycoast,2,1.0
jsh9,4,1.0
luisneto98,2,1.0
JohnNapier,15,1.0
bryanwweber,2,1.0
hadley,6,1.0
arjay55,1,1.0
mdgoldberg,5,1.0
pabloazurduy,3,1.0
sunqingmeteo,1,1.0
wxl3322335,17,1.0
yueatwork,1,1.0
gsganden,9,1.0
martinholmer,4,0.8
egustavson,1,1.0
chessplayer60,9,1.0
brendam,12,1.0
inodb,8,1.0
richard-bibb,2,1.0
brettbrocato,4,1.0
martijnvermaat,1,1.0
rcarneva,19,1.0
munk,2,0.75
pedrobraz1990,2,1.0
geriasd2,1,1.0
pblelloch,4,1.0
saullocastro,1,1.0
LorenzoBottaccioli,1,1.0
grauscher,3,1.0
mattharrison,11,0.33
udiboy1209,3,1.0
simomo,9,1.0
Davidnet,1,0.0
lphk92,14,1.0
rmalouf,2,1.0
dimbeto,1,1.0
aliobeid,1,1.0
lumbric,3,1.0
patrickwang96,11,0.0
andrfgs,1,1.0
flashhack,6,1.0
vitalious,10,1.0
manasbedmutha98,4,1.0
geoffrey-eisenbarth,13,1.0
libbkmz,8,1.0
mqk,3,0.5
alessiodore,3,0.4
Momut1,8,1.0
orena1,1,1.0
jpotts18,1,1.0
sstanovnik,10,0.86
lorenzori,7,1.0
jobingr,3,1.0
jamesmyatt,5,1.0
Ekillz,3,1.0
Konubinix,5,1.0
david8373,2,1.0
PanWu,2,1.0
Wessi,19,1.0
gonike,2,1.0
efiring,3,1.0
Zenadix,55,1.0
wyegelwel,3,1.0
iriyaasagao,1,1.0
waitingkuo,21,0.8
rosygupta,15,1.0
GuiMarthe,6,1.0
norok2,1,1.0
vatsan,6,1.0
mdickinson,9,1.0
merqurio,2,1.0
radioactive9,3,1.0
esafak,5,1.0
john9631,1,1.0
xhochy,98,1.0
felixvd,3,0.0
arslanhashmi,1,1.0
raybellwaves,1,1.0
arcolife,3,1.0
xoelop,3,1.0
Lazarus535,1,1.0
oxhaowang,2,1.0
dschien,3,0.8
Aerlinger,2,1.0
sandorkazi,3,0.5
iwschris,16,0.89
yaduart,4,1.0
rontho1992,7,1.0
jchia,2,1.0
HarryVolek,5,1.0
kentwait,3,1.0
desasaliho,3,1.0
milcent,5,1.0
ocschwar,5,1.0
mrimal,4,1.0
mwoss,24,1.0
beetleb,2,1.0
aavanian,8,1.0
Eastsun,10,1.0
philippschw,6,0.0
jstritar,3,1.0
auwsom,2,0.0
olgabot,51,1.0
JacekPliszka,3,1.0
JafferWilson,4,1.0
earthgecko,1,0.5
AntoineD,3,1.0
patronfeng,2,0.0
kingjr,2,1.0
ediphy-azorab,2,0.0
arogozhnikov,1,1.0
musicpiano,8,1.0
timb82,6,0.0
nsriram13,1,1.0
dhouck,8,1.0
artemyk,91,1.0
changhsinlee,6,1.0
bahrunnur,3,1.0
hermanc1,1,0.0
andrewsanchez,5,1.0
jonas-schulze,5,0.89
ccatalfo,4,1.0
juergenDo,1,1.0
eldritchideen,5,1.0
pfigliozzi,1,1.0
Komnomnomnom,158,1.0
bball7210,5,1.0
dunkinnear,3,1.0
maxwellflitton,4,1.0
aleyan,3,1.0
addisonlynch,6,1.0
birone,2,1.0
alexanderwhatley,4,1.0
JonHannah,4,0.6699999999999999
zhangysh1995,6,1.0
shabie,2,1.0
RanaivosonHerimanitra,1,0.0
Madhu94,2,1.0
brupelo,3,1.0
ehebert,8,1.0
apapanico,6,1.0
walkerh,5,1.0
blakebjorn,5,1.0
gorbondiga,4,1.0
randomgambit,93,1.0
stefansimik,6,1.0
pgryko,2,1.0
jangorecki,30,1.0
starhel,3,1.0
samizdis,4,1.0
jbrockmendel,2663,0.9275
deadlybulb,2,1.0
tomchor,19,1.0
Nikoleta-v3,13,1.0
vikramls,4,1.0
chappers,9,1.0
boeddeker,5,1.0
bobobo1618,2,0.75
engelmav,3,1.0
fl4p,2,1.0
m3nu,3,1.0
jessefarnham,2,0.7
wangweichao0403,9,1.0
rmancy-smg,2,0.5
trxcllnt,13,1.0
wuliang727,1,1.0
eddie-dunn,5,1.0
HannahFerch,9,1.0
ngutzmann,3,1.0
MaxHalford,2,0.75
kpflugshaupt,7,0.73
kajdogg,4,1.0
MLopez-Ibanez,6,1.0
bjmacdonald,3,1.0
jburroni,4,0.665
vm-wylbur,1,1.0
afotoglidis,1,1.0
daggre-gmu,3,0.0
floatn,7,1.0
bajosoto,3,1.0
j1729,11,1.0
nmooman,4,1.0
Anaphory,3,1.0
ghost,1821,1.0
fmarczin,2,1.0
kidphys,1,1.0
flipdazed,13,1.0
WillKoehrsen,3,1.0
kbhutani0001,8,1.0
sbuser,2,1.0
yeongseon,2,0.0
boldt,3,0.75
bmaisonn,1,1.0
Franck-Dernoncourt,4,1.0
manish59,9,0.83
s-wakaba,3,1.0
brycepg,38,1.0
ml31415,2,0.86
yamyamyuo,1,1.0
pstjohn,11,1.0
openclosure,21,1.0
lamblin,2,1.0
HarveySummers,5,0.835
pedrovgp,10,1.0
selik,27,1.0
vijaymukhi712,2,1.0
H0R5E,24,1.0
stijnvanhoey,13,1.0
wolever,4,0.6699999999999999
davidread,2,0.0
mjpieters,2,1.0
nscaramuzzo,3,1.0
jeffreystarr,4,1.0
vuminhle,14,1.0
mattvivier,21,1.0
515hikaru,5,0.0
pallav-fdsi,2,0.0
ryancollingwood,1,1.0
redsum,2,1.0
grantcooksey,6,0.5
gioiab,7,1.0
asavinov,7,1.0
davidchall,6,1.0
LucaPaterlini,2,1.0
Alexander-Shukaev,1,0.83
bjourne,6,0.5
Redoubts,1,0.75
xieyuheng,14,1.0
SimonOsipov,1,1.0
jpgrossman,12,1.0
MattRijk,6,1.0
pmuller,2,1.0
Mauz91,3,1.0
Kevin-McIsaac,10,0.915
raddy,2,1.0
guziy,5,1.0
Amaelb,7,1.0
jdfekete,6,1.0
bqzz,1,1.0
tirkarthi,2,0.0
lazka,8,1.0
tdpetrou,93,1.0
nesdis,3,1.0
onesandzeroes,114,1.0
jfpuget,3,1.0
mmaybeno,2,1.0
ChadFulton,2,1.0
matthax,6,1.0
megaserg,5,1.0
teoguso,8,1.0
Gijs-Koot,6,0.0
sarwatfatimam,4,1.0
blu3r4y,3,1.0
dtanders,3,1.0
N2ITN,2,1.0
vlasisva,2,1.0
BenjaminHabert,7,1.0
aphearin,4,1.0
lbeltrame,75,1.0
anderslundstedt,5,1.0
triplechess,2,1.0
guoliy,10,1.0
mr-kenhoff,5,1.0
agolbin,1,1.0
jonathanlandy,1,0.0
bspeice,1,0.6699999999999999
binarybana,3,1.0
AllanLRH,4,1.0
supersational,7,1.0
AlexHentschel,2,1.0
JnyJny,2,0.75
pkch,50,1.0
skebanga,2,1.0
Bravico,17,1.0
rsheftel,6,1.0
rsmith31415,3,1.0
chancyk,3,0.91
RafalSkolasinski,3,1.0
Dpananos,4,0.5
mariusbutuc,5,1.0
Aico,6,1.0
debboutr,3,1.0
kangwonlee,8,1.0
scottcode,10,1.0
pjanowski,1,1.0
JakeEhrlich,2,0.95
pganssle,66,1.0
cdeil,13,0.75
KelSolaar,8,1.0
user1827356,5,1.0
trailsquirrel,3,1.0
guillemborrell,6,1.0
ARF1,16,1.0
dgmp88,1,1.0
ronid,3,1.0
stancikcom,5,1.0
AntonioSecchi,1,1.0
sergeyf,1,1.0
cossatot,9,1.0
numpand,11,1.0
adam-erickson,2,0.6699999999999999
bkandel-picwell,3,1.0
P-Tillmann,8,0.0
FrenchyRaoul,3,1.0
alavrik,1,1.0
jbwhit,6,0.8
Dr-Irv,223,0.33
rogeriomgatto,1,0.0
mlotfi2005,1,1.0
rvernica,3,1.0
ankur-gupta,2,1.0
alubbock,1,1.0
brendanq3,1,1.0
DataOmbudsman,13,1.0
zeluspudding,14,1.0
pavankat,19,1.0
akaihola,12,0.0
briangerke,4,1.0
Ridhwanluthra,2,1.0
andrea-lascola,7,0.75
seanysull,3,1.0
mrfaptastic,17,1.0
soerendip,38,1.0
argriffing,6,1.0
shengpu1126,5,1.0
bitzl,2,1.0
nheeren,1,1.0
euri10,3,1.0
lou-viannay,1,0.0
jpiabrantes,6,1.0
yackoa,1,1.0
youhealthy,1,1.0
AlJohri,4,1.0
joonro,8,1.0
jseabold,439,0.5
bburan-galenea,8,1.0
neiseman,2,1.0
math-and-data,16,0.75
bthyreau,7,1.0
psicktrick,3,1.0
leezu,6,1.0
Sadin,4,1.0
manistal,8,1.0
fernavid,1,1.0
abarber4gh,8,1.0
martialo12,8,1.0
cxl923cc,4,1.0
JayDSingh,8,1.0
samuelclark,9,1.0
ianepreston,2,1.0
azbones,23,1.0
yonatanp,5,1.0
elrubio,1,1.0
naftaliharris,2,1.0
sakarpanta,5,1.0
bmironov,3,1.0
FRidh,3,0.0
kmace,12,1.0
PatrickEGorman,3,1.0
connorbrinton,2,0.0
Kimonode,1,1.0
wegry,4,1.0
kayvonr,9,0.75
Huite,8,1.0
mikebarkas,4,0.75
soujiro86,1,1.0
kotfic,3,1.0
JustinZhengBC,92,0.5
fulmicoton,5,1.0
glemaitre,3,1.0
proinsias,21,1.0
d6tdev,2,1.0
rsamson,4,0.9175
Dimchord,3,1.0
NiklasKeck,7,1.0
silverdrake11,3,0.0
Duanexiao,2,1.0
olevold,1,1.0
omtinez,2,1.0
MBlistein,3,1.0
ZHANGGU,2,1.0
Octoshape,4,1.0
kornilova-l,4,0.62
tonyroberts,2,1.0
stas00,2,1.0
moinluk,2,0.0
astrastefania,8,0.8333333333333334
achapkowski,16,0.977777777777778
brian-pantano,5,1.0
tvyomkesh,28,1.0
kittoku,7,1.0
chrisburr,4,1.0
Loanwolf,2,1.0
MaxBenChrist,3,0.75
kharazu,3,1.0
ckrapu,4,1.0
Roald87,14,1.0
gitgithan,14,1.0
AlexanderKUA,2,0.6699999999999999
boegel,2,1.0
MatthiasThul,2,1.0
Ecboxer,5,0.0
samcha1996,1,1.0
mabelvj,4,1.0
llautert,10,1.0
matthewmav,6,1.0
ispmarin,16,1.0
plopd,6,1.0
gerdemb,3,0.83
BreitA,3,1.0
gpcz,2,1.0
argoneus,3,1.0
field-cady,2,1.0
gm-spacagna,1,0.5
fancychildren,6,1.0
nitchandan,1,1.0
Michael-J-Ward,2,1.0
dylancis,15,1.0
nagey,2,1.0
qinyugwu,5,1.0
swfiua,2,1.0
xyang2013,2,1.0
marcua,7,1.0
mikeatlas,15,1.0
bvanderhaar,7,1.0
nickdelgrosso,3,1.0
Oxtay,3,1.0
AbdouSeck,2,1.0
jianpan,1,1.0
tlmaloney,6,0.93
dsm2173,2,0.0
araichev,2,1.0
ianp,3,1.0
amytildazhang,8,1.0
davidyerm,3,1.0
Zac-HD,29,0.8571428571428571
hdima,2,1.0
timClicks,3,1.0
pdemarti,4,1.0
xflr6,35,1.0
MichaelYin1994,3,1.0
joshuamhtsang,7,1.0
xiaoqi7s,1,1.0
pichonz,22,1.0
suntong,1,1.0
chaxor,8,1.0
davclark,26,1.0
MarineF,4,1.0
tzuni,10,1.0
minggli,131,1.0
venkatgmrit05,2,1.0
ponomarevvl90,3,1.0
hastelloy,1,1.0
brendene,1,1.0
kirickt,2,1.0
trendelkampschroer,3,1.0
yishenggudou,4,0.78
seclinch,5,1.0
techytushar,5,1.0
lvphj,12,1.0
allthedata,1,1.0
nkeim,2,1.0
SabS99,1,1.0
J4nJ4nsen,2,1.0
Mottl,3,1.0
PN12,3,1.0
KeithWM,5,1.0
simon-anders,2,1.0
petioptrv,6,1.0
mandshaw,6,1.0
jpedrick,8,1.0
tocunha,1,0.33
johanneshk,11,0.0
jmellen,2,1.0
dfrusdn,14,1.0
pseth,2,1.0
vikram,4,1.0
khatriindu,5,1.0
sparo-jack,2,1.0
alarrain,3,0.0
njsmith,107,1.0
uds5501,101,1.0
ara818,1,1.0
bowlofstew,3,1.0
cloga,9,1.0
devssh,10,1.0
victormoron,3,0.5
abkosar,1,1.0
icexelloss,3,1.0
artturib,4,1.0
campeterson,5,0.75
ceilingcat,7,1.0
vadoverde,3,1.0
juricast,3,1.0
Alexis-benoist,5,1.0
linshilogin,11,1.0
msmarchena,12,1.0
jmbertoncelli,3,1.0
macd,7,0.6699999999999999
eoincondron,7,1.0
bicycle1885,3,1.0
ElDeveloper,9,1.0
HaoXJ,2,1.0
ardeal,1,1.0
aman-thakral,13,1.0
jmorris0x0,3,1.0
DavidMertz,2,0.0
DanSmith,2,1.0
agraboso,37,0.5
balzer82,3,1.0
MareinK,7,1.0
mapehe,13,1.0
skjaeve,3,1.0
0-wiz-0,5,1.0
bluenote10,7,0.5
rosswait,5,1.0
aqurilla,4,1.0
sunilk747,11,1.0
brianhuey,5,1.0
Geekly,7,1.0
j-santander,5,0.0
Anisalexvl,1,1.0
davidandreoletti,3,1.0
hcarvalhoalves,2,0.5
alzmcr,4,1.0
johne13,34,1.0
hqkhan,5,0.0
isanmu,2,1.0
holdenk,9,1.0
blokeley,4,1.0
tarikd,3,1.0
brimcfadden,1,1.0
harcokuppens,5,1.0
rhattersley,9,1.0
colinhiggins,3,0.75
strazdinsg,3,1.0
javpaw,18,1.0
hadim,10,1.0
bmcguirk,1,1.0
bsdis,2,1.0
stepfencurryxiao,3,1.0
bryaan,7,1.0
toasteez,8,0.6699999999999999
alichaudry,6,1.0
ywpark1,5,0.25
adamshamsudeen,9,1.0
adrienemery,10,0.96
Scorpil,9,1.0
AdamShamlian,4,1.0
danfrankj,30,0.93
lewisacidic,10,0.86
benediamond,10,0.71
bfroehle,15,1.0
soupault,11,0.5
kevin-winter,12,1.0
amelio-dx,1,0.0
ERIPECH,3,1.0
andersonjacob,3,1.0
esc,3,0.73
Dear-Mar-garet,8,0.5
vlstrode,2,1.0
swayson,1,0.0
adhaamehab,5,1.0
BardiaAfshin,3,1.0
Starkiller4011,7,1.0
fivejjs,7,1.0
Jie-Yuan,2,1.0
grzjab,4,1.0
livia-b,5,1.0
martingoodson,1,1.0
bastewart,1,1.0
Tjorriemorrie,3,1.0
Cristianasp,17,1.0
syxolk,6,1.0
gwrome,8,1.0
jolespin,17,1.0
swevrywhere,1,1.0
BenDundee,11,1.0
McRip2,5,1.0
ChristopherShort,8,1.0
linar-jether,9,1.0
ivergara,7,1.0
jameshiebert,4,1.0
nosniborj,1,1.0
William-Sang,5,1.0
pirsquared,21,1.0
jnothman,53,0.6699999999999999
adamwasi,3,1.0
johan12345,9,1.0
hammer,10,1.0
jacopofar,10,1.0
Bhaskar-Arya,17,1.0
hmeine,16,1.0
shuuchen,3,1.0
jwimberley,1,1.0
TheChymera,8,1.0
mborysow,7,0.7533333333333333
LISHITING,17,1.0
n-t-g,1,1.0
yuribak,2,1.0
spillz,5,0.0
Ajeet-Ganga,1,1.0
llllllllll,50,1.0
fordmustang111,4,0.0
kszucs,5,0.0
delie0512,5,1.0
xnejed07,10,1.0
dileepponna,2,1.0
Altons,3,0.5700000000000001
yrhooke,11,1.0
davidtrem,1,1.0
SLAPaper,3,1.0
jylin,1,1.0
tuhinmahmud,4,0.0
Renton2017,7,1.0
baidoosik,8,1.0
jimmywan,11,1.0
ShichenXie,21,1.0
optilude,3,1.0
dubourg,2,1.0
boncelet,2,1.0
st-bender,9,1.0
xwang777,3,0.6699999999999999
ian-contiamo,11,1.0
cgangwar11,15,1.0
hundredrab,3,1.0
ch41rmn,5,0.6699999999999999
PnPie,2,1.0
megabyde,2,1.0
Shaddy,3,1.0
shadymohsen,1,1.0
lofoyet,3,1.0
polidore,12,1.0
MaxPowerWasTaken,1,1.0
jcress,2,1.0
tkluck,1,1.0
Code4SAFrankie,2,1.0
alkasm,6,0.5
MartinPyka,1,1.0
araraonline,10,1.0
hangyao,2,0.0
RaghavBatra,9,1.0
okomarov,7,0.5
themrmax,10,1.0
jaumebonet,11,1.0
mhaseebtariq,4,1.0
wetchler,2,1.0
takluyver,144,1.0
evanmiller29,2,1.0
akielbowicz,8,1.0
TDaltonC,2,1.0
brandys11,6,0.6699999999999999
BenjaminKay,2,1.0
kyleco,3,1.0
agartland,6,1.0
vishalapte,1,1.0
jh-wu,2,0.0
ludusrusso,3,1.0
kirkhansen,15,0.7166666666666667
ilblackdragon,1,1.0
ahcub,17,1.0
alphaKuz,7,1.0
terfilip,1,1.0
ppritish51,4,1.0
Hugovdberg,2,0.5
vvvlc,10,0.0
vfilimonov,53,1.0
Earthson,4,1.0
rbiswas4,9,0.5
jcrmatos,2,1.0
firasm,5,1.0
lpgeiger,3,1.0
brmc,12,1.0
stenri,2,1.0
vlavorini,3,1.0
mjoud,2,1.0
Ketki-Savle,6,1.0
cbrnr,53,1.0
matthagy,2,0.83
snamburi3,3,1.0
kvncp,2,1.0
grove80904,2,1.0
skynss,14,0.9
wandersoncferreira,2,1.0
yoavram,12,1.0
anderflash,2,1.0
Archer6621,1,1.0
equialgo,2,1.0
harahu,2,1.0
aileronajay,48,1.0
slnovak,1,1.0
gpascualg,1,1.0
wrobstory,7,1.0
xingyuezhiji,1,1.0
Chitrank-Dixit,9,0.5
soramame0518,3,1.0
andreabedini,17,1.0
adneu,10,0.5
terrytangyuan,46,1.0
Dominik1123,2,1.0
seandickert,5,1.0
eszense,3,1.0
montanalow,6,1.0
killinc,5,1.0
maximveksler,19,1.0
samspills,4,1.0
GriffinHines,2,1.0
pilollipietro,2,1.0
nlsn,1,1.0
suvayu,7,1.0
kshedden,51,1.0
Vimos,2,0.0
spencerkclark,6,1.0
aabdullah-bos,2,1.0
zer0n,2,1.0
jimbasquiat,7,1.0
fleimgruber,5,0.75
ameasure,8,1.0
fivemok,4,1.0
hwalinga,15,1.0
adambernier,1,1.0
soultemptation,5,1.0
MaozGelbart,1,1.0
ThomasKluiters,3,1.0
trottier,15,0.9333333333333332
SmokinCaterpillar,3,1.0
montefra,3,0.75
joshuastorck,13,0.5
sahildua2305,23,1.0
charris,27,1.0
bplant17,3,1.0
BastinRobin,8,1.0
MusTheDataGuy,3,1.0
noctune,1,0.83
vinu2003,2,1.0
kevswanberg,2,1.0
markroth8,2,1.0
troels,21,0.89
brandonkane,11,1.0
saurav2608,58,0.7766666666666667
MikeSpreitzer,3,1.0
lstout,2,1.0
jcull,4,1.0
shadiakiki1986,11,1.0
ismailuddin,7,1.0
wmitsuda,1,0.5
iipr,8,1.0
mkoo21,4,0.5
geoninja,7,1.0
TheMcGoose,6,1.0
vijaysaimutyala,4,1.0
HonzaOsobne,4,1.0
flo-compbio,4,1.0
Murmuria,11,1.0
ajoros,2,1.0
grofte,5,1.0
nixphix,17,1.0
jbzdak,2,0.0
ajenkins-cargometrics,8,0.0
miquelcamprodon,2,1.0
tyrinwu,1,1.0
ramhiser,3,1.0
13ene,1,1.0
kernc,88,1.0
bgrayburn,8,1.0
toniatop,11,1.0
brianboonstra,1,0.0
eddiejessup,2,1.0
pvomelveny,5,1.0
malina-kirn,4,1.0
adieldar,3,1.0
jbachlombardo,1,1.0
AhmedGS,1,1.0
joystein,2,1.0
zangell44,9,1.0
danielballan,191,1.0
Gerenuk,8,1.0
a-safonau,4,1.0
Cornelius-Riemenschneider,7,1.0
jeanru,2,1.0
makmanalp,83,1.0
bkmrkr,23,0.0
akhilman,2,1.0
glyg,14,1.0
aeltanawy,7,1.0
JohnSmizz,8,1.0
Jeroen-R,3,1.0
aolieman,1,1.0
vstinner,2,1.0
r00ta,10,1.0
Qblack,6,1.0
jowens,24,1.0
stephenrauch,18,1.0
malapradej,3,1.0
dpinte,4,1.0
omri374,1,0.0
ocefpaf,21,1.0
bbirand,16,1.0
KevinLourd,3,1.0
jmatejka,7,0.5
isofer,5,0.0
codeprimate123,1,1.0
pambot,43,1.0
aashray18521,1,1.0
Bernhard10,15,1.0
swyoon,21,0.9166666666666666
nathdipankar,3,1.0
simobasso,7,1.0
JoshuaC3,23,1.0
rouzazari,23,1.0
smcinerney,57,0.0
rookiedk,4,1.0
jalperin,5,1.0
greglandrum,5,0.6699999999999999
simtsc,2,1.0
DavidTolan,1,1.0
artheist,4,1.0
stroobandt,6,1.0
dyoung418,4,1.0
rnelsonchem,1,1.0
devavrat,1,1.0
NapalmHorn,6,1.0
garci66,2,1.0
bsweger,12,0.6666666666666666
carsonfarmer,11,1.0
mgoldey,6,1.0
aterrel,12,1.0
Heuertje,3,1.0
aberneryd,2,1.0
FancyCoder0,3,1.0
scottboston,2,1.0
liuguangyu0220,2,1.0
aganatramoat,2,1.0
h4ste,1,1.0
vervenumen,3,1.0
peterfine,1,1.0
stragu,1,1.0
cristianornelas,2,1.0
seibert,3,1.0
sxwang,7,0.945
Ezekiel-Kruglick,2,0.875
ilam,5,1.0
HristoBuyukliev,4,1.0
tyang209,21,1.0
zooba,7,1.0
zhanwenchen,4,1.0
SigReaver,1,1.0
machenity,6,1.0
jankatins,469,1.0
anton-molyboha,4,1.0
ignamv,2,1.0
talumbau,2,1.0
mayaa6,2,1.0
idanivanov,2,1.0
morganics,21,1.0
timhunderwood,3,1.0
hp2500,8,1.0
Meobius,1,1.0
Sarnath,4,1.0
sealauren,1,1.0
rhstanton,13,0.75
Rory101,4,1.0
stas-sl,2,0.5
jamesfowkes,1,1.0
EzraBC,2,1.0
c-fos,4,1.0
chienthan9x,1,1.0
chelseas,2,1.0
clembou,14,1.0
Timusan,4,0.0
jgarcke,2,1.0
0x0L,8,1.0
tr11,10,1.0
stoff3l,2,1.0
otro-mas1,10,1.0
kianho,6,1.0
ibayer,1,1.0
songololo,2,1.0
step4me,3,0.5
silva-luana,5,0.0
jiyuan312986471,3,1.0
james-mchugh,2,0.33
jjbarton,2,1.0
BasilBeirouti,2,1.0
jupiterjosh,3,1.0
nickray,3,0.75
jukkahuhtamaki,7,1.0
kforeman,1,1.0
nmichaud,5,1.0
unit85,1,1.0
GeraintDuck,6,1.0
justinvf-zz,2,1.0
justmeteomary4,3,1.0
kalekseev,3,0.0
pope1ni,2,1.0
romanre,2,1.0
ashesh-0,4,1.0
sanand0,15,1.0
ucals,10,1.0
virsto,1,1.0
duncanwp,5,1.0
leej3,2,1.0
trianta2,3,0.6699999999999999
alimcmaster1,217,0.9333333333333332
cousin333,12,1.0
jdhillon,1,1.0
cequencer,5,1.0
aergener,8,1.0
mgeier,7,1.0
rf987,1,1.0
ericstalbot,7,1.0
IshankGulati,2,1.0
yashu-seth,9,1.0
schwallie2,3,0.75
gouthambs,7,0.89
carolinux,1,1.0
Tangjiahui26,8,1.0
liamim,5,1.0
prcastro,15,1.0
mizzao,21,1.0
gwuillou,2,1.0
m-dz,2,0.6699999999999999
weizhongg,8,1.0
ilmioalias,3,0.5
cchwala,12,1.0
timhoffm,2,1.0
FabianSchuetze,4,1.0
ariddell,21,1.0
MadsAdrian,1,0.0
ericmjl,12,1.0
a1shadows,7,1.0
benalexau,2,1.0
wabu,13,0.5
avolkov,10,1.0
hlin117,2,1.0
Ronggui,1,1.0
vgoklani,17,1.0
ek-ok,2,1.0
alanhdu,3,0.75
hsharrison,8,1.0
abalter,7,1.0
celsopneto,5,1.0
fillipe-gsm,2,1.0
rhkarls,2,1.0
antonbabkin,12,1.0
joost823,2,1.0
FragLegs,7,1.0
bennorth,2,1.0
MasterAir,2,0.0
bergtholdt,5,1.0
pilotstew,6,1.0
kochede,1,1.0
jmsmkn,1,1.0
ksw9,7,1.0
jrderuiter,2,1.0
mariusvniekerk,8,1.0
liuyu81,5,1.0
diraol,4,1.0
aaront,10,1.0
adamaaaa,3,0.0
bkjchoi72,6,0.75
maybelinot,8,1.0
tyler-abbot,2,1.0
jonathan-s,1,1.0
daviskirk,5,1.0
eromoe,18,1.0
bolshoibooze,4,1.0
stared,19,0.0
natekupp,1,1.0
tlentali,4,1.0
grundprinzip,1,1.0
Violet-XiaoWeiHuang,4,1.0
edfall,6,1.0
cwkwong,2,0.0
vadakattu,21,0.91
hayd,1289,1.0
mattias-lundell,2,0.6699999999999999
jtlz2,5,1.0
JeroenDelcour,19,1.0
sudk1896,8,0.5
ckaldemeyer,7,1.0
HedgeShot,1,1.0
caspervdw,2,0.75
jonblunt,23,1.0
ebressert,3,1.0
schwab,2,0.5
MikeTam1021,23,1.0
binaryc0de,3,1.0
klintan,5,1.0
klonuo,14,1.0
mjmare,1,1.0
letmaik,1,1.0
cscetbon,4,1.0
ukch,6,1.0
shanamatthews,1,1.0
mforelldavis,3,1.0
jrkerns,1,1.0
tinchoroman,1,1.0
charlieahern,2,1.0
Doc-Scott,3,1.0
aharoon123,2,1.0
myidealab,2,0.0
chiangqiqi,4,1.0
jsmedmar,10,1.0
XikunHan,7,1.0
asmirnov69,4,0.0
chrisjordansquire,3,1.0
etiennecha,1,1.0
lermana,5,1.0
dorvak,4,1.0
carlosxh,3,0.0
tomspur,3,1.0
ysau,5,1.0
joddm,5,1.0
john-granieri,2,1.0
aburgm,2,1.0
kodonnell,24,1.0
ncaon,2,1.0
adamjstewart,7,0.78
Muff2n,8,1.0
arminv,22,1.0
davidjameshumphreys,8,0.0
Helgeb,4,1.0
mdmueller,26,1.0
mimikaTU,2,1.0
r-b-g-b,8,0.6699999999999999
GiorgioBalestrieri,1,0.6699999999999999
ejnens,2,1.0
JoaoAparicio,8,1.0
diazona,8,1.0
st12yker,3,1.0
7stud,1,0.5
gabrielaraujof,1,1.0
smartexpert,1,1.0
ranchotexicana,5,1.0
pelodelfuego,1,1.0
apratap,7,1.0
henhuy,2,1.0
dneise,1,1.0
jeffshek,2,1.0
amanshei,3,1.0
quantumsummers,3,1.0
kordek,13,0.9
jeffcarey,11,1.0
sldion,1,1.0
MishaVeldhoen,2,1.0
alexandercbooth,4,1.0
gmatalongthewatchtower,2,1.0
lauraathena,4,1.0
yutiansut,4,1.0
Jywscher,2,1.0
juliantaylor,17,0.5
jldiaz,4,1.0
soxofaan,26,1.0
iskandr,2,1.0
brianmannmath,1,1.0
chennipman,2,1.0
matthiasroder,1,1.0
jowagner,18,1.0
hoh,2,1.0
wabee,2,1.0
lucky06688,2,1.0
badebh,1,1.0
dinapappor,4,0.6
jinhw1989,2,1.0
maitreyee-ghosh,2,1.0
raam93,12,1.0
akilawickey,7,1.0
metazoic,3,1.0
fperez,10,1.0
drafter250,19,0.6699999999999999
foobarbecue,1,1.0
debjan,2,0.0
pushyamig,4,1.0
jwdeitch,3,1.0
cggarvey,3,1.0
unbit,2,0.0
joshij1979,3,1.0
albertjmenkveld,1,1.0
claell,5,1.0
realead,26,1.0
fingoldo,4,1.0
joristork,1,0.0
wmacmillan,5,1.0
tebeka,4,0.0
ayushpatidar,2,1.0
ryscet,3,1.0
joshuahhh,6,0.0
msarahan,14,0.5
strnam,2,1.0
alexbw,11,1.0
jondo,20,1.0
weifei0228,17,1.0
enlighter,5,1.0
imankulov,3,1.0
Aylr,12,1.0
BertrandBordage,1,1.0
paulbalegend,6,1.0
bluesquall,4,1.0
vladserkoff,8,0.5
hexgnu,73,0.9166666666666666
sidverm,5,1.0
weakunix,2,1.0
andrewclegg,4,1.0
jzf2101,3,1.0
lszyba1,1,1.0
canthonissen,1,1.0
jbradt,4,0.8
sam-cohan,20,0.6699999999999999
xtofs,2,1.0
hshimizu77,2,1.0
seth-a,4,1.0
Darel13712,3,1.0
jlou2u,3,1.0
zero-jack,2,1.0
jlandercy,7,1.0
KangYoosam,3,1.0
hkhatod,9,1.0
AdrianTeng,1,1.0
bcm939,1,1.0
jaradc,13,1.0
zadacka,23,1.0
languitar,14,1.0
manuels,2,1.0
da415,3,0.0
jeschwar,2,0.5
bicepjai,5,1.0
reesehopkins,11,1.0
bear24rw,8,1.0
colbrac,1,1.0
ryanshrott,5,1.0
JoergRittinger,10,0.665
paritoshmittal09,3,1.0
lenolib,5,1.0
alexwbakker,7,1.0
agora123,5,1.0
hdemers,6,1.0
yred,2,1.0
adamrossnelson,5,1.0
jsevo,9,1.0
otmezger,3,1.0
DaveBackus,2,1.0
mmautner,15,1.0
danielplawrence,8,1.0
BlaueBerre,2,1.0
shantanuo,15,1.0
duboism,1,1.0
shaynekang,8,1.0
adamschultz,1,1.0
chrisgilmerproj,5,1.0
emesterhazy,6,1.0
weber-s,5,1.0
seth-p,133,1.0
anmyachev,19,1.0
quantstud,11,1.0
harikongu,2,1.0
joncle,1,0.0
tenspd137,1,1.0
hiiwave,3,0.5
mudspringhiker,2,1.0
adamobeng,6,1.0
Boud42,17,1.0
kaushik94,4,1.0
tomasfarias,1,1.0
groakat,2,1.0
MatthiasKauer,3,1.0
makbigc,31,1.0
BrittonWinterrose,5,1.0
user3483203,1,1.0
chrisgrimm,1,1.0
koaning,9,1.0
andrewgsavage,1,0.5
ko-han,2,1.0
LJArendse,8,0.69
Quenty,1,1.0
crasanders,5,1.0
jaguarviajero,4,1.0
NasaGeek,4,1.0
adbull,20,1.0
scls19fr,124,1.0
jaredsnyder,8,1.0
al626,3,1.0
tangobravo,7,1.0
ajamian,10,1.0
oranjik,2,1.0
antonymayi,3,1.0
jetpackdata,5,1.0
gregory-marton,2,0.94
Yashesh123,5,0.0
ndaniyar,2,1.0
pjarnhus,2,1.0
paplio,3,1.0
bdrosen96,5,0.5
arokem,2,1.0
benjaminmgross,4,1.0
shanmuga-cv,1,1.0
hunukubura,3,1.0
colourful-land,6,0.6699999999999999
MagdalenaDeschner,7,1.0
Ingvar-Y,5,1.0
xuboying,3,1.0
joshuaar,3,1.0
charlesoblack,1,0.6699999999999999
tinproject,17,1.0
mingwandroid,4,1.0
kameranis,3,1.0
lucianoviola,10,1.0
berislavlopac,2,1.0
AllenDowney,30,1.0
sebpiq,17,0.6699999999999999
ngcrawford,4,1.0
jmunar,2,0.0
Dorozhko-Anton,4,1.0
parsleyt,2,1.0
wangshun98,7,1.0
forbdonut,5,1.0
cgrin,18,1.0
alysivji,36,1.0
jrings,6,1.0
Dobatymo,11,1.0
phobson,39,0.9333333333333332
bwillers,47,1.0
jackalack,11,1.0
VelizarVESSELINOV,48,1.0
mwtoews,2,1.0
mjlove12,6,1.0
YanTianqi,1,1.0
BAM-BAM-BAM,3,1.0
dacoex,38,1.0
mazieres,3,1.0
WWH98932,3,1.0
bijanhoule,2,1.0
alohia,5,1.0
ace-e4s,3,0.8
capissimo,2,0.5
petehuang,38,1.0
freezas,3,0.5
Skeletrox,1,1.0
ankostis,26,1.0
julienvienne,3,1.0
ses4j,2,0.0
deflatSOCO,9,1.0
adamwlev,1,1.0
hardikvagh,6,1.0
jluttine,13,1.0
jgehrcke,2,1.0
gordonda,2,1.0
metllord,1,1.0
jickersville,4,1.0
mullenkamp,3,1.0
antoineviscardi,1,1.0
EternalLearner42,8,0.915
bhaveshpoddar94,5,1.0
BMeridian,19,1.0
notbanker,1,1.0
tmiasko,15,1.0
pleaded,2,1.0
Mark531,3,0.375
germangh,1,1.0
debdude,3,1.0
janvanrijn,4,1.0
daminisatya,12,1.0
bejondshao,23,1.0
YAmikep,3,1.0
JoergVanAken,2,1.0
js3711,8,1.0
timalthoff,9,1.0
vkk800,7,1.0
gitj,4,1.0
vlfom,5,1.0
ssaumitra,3,1.0
kwantopia,4,0.5
justinessert,1,1.0
yeemey,4,1.0
l736x,10,0.9
runiq,2,1.0
dgwynne,8,0.8333333333333334
WaylonWalker,2,1.0
MosheVai,3,1.0
zbak,2,1.0
elboerto,3,1.0
eric-wieser,10,0.6699999999999999
kinow,10,1.0
nimishgautam,7,1.0
ClemShirestock,1,1.0
machar94,4,1.0
mikeliu8492,2,1.0
eontwosixt,1,1.0
ludaavics,11,1.0
bryevdv,25,1.0
snth,31,0.5
williamkhshea,2,1.0
colin-svds,8,1.0
chrido,9,1.0
lrargerich,3,0.44
daefresh,4,0.0
peterpanmj,59,1.0
wuisawesome,2,0.6699999999999999
bobcolner,5,1.0
JayDDD,3,1.0
NikhilKumarM,14,0.5
badanin-dmitry-playrix,3,1.0
wikiped,29,1.0
JBuitelaar,2,1.0
TheInan,2,0.75
WillAyd,2735,1.0
mat2py,2,1.0
metaperture,1,1.0
dycw,7,1.0
691175002,1,1.0
dragoljub,157,0.5
mikeyford,1,1.0
Jezzamonn,7,1.0
rmauriello,4,1.0
tworec,12,1.0
pwm1234,2,1.0
alexander-l-stone,3,1.0
gbabic,19,1.0
David-Alkalai,2,0.8
dcolascione,5,1.0
iuliakhomenko,9,1.0
tr-ips-bahubali,5,1.0
gionatarogiani,3,0.0
C5G6M7,2,0.5
lvjiujin,2,1.0
GomesNayagam,5,1.0
aydevosotros,3,1.0
8one6,29,1.0
kemingts,1,1.0
EranBenHorin,2,1.0
7kbird,5,1.0
enckse,3,1.0
DataMonk2017,2,1.0
ronanpaixao,12,1.0
kefirbandi,1,1.0
daviddoji,2,1.0
SaturninoMateus,4,1.0
zegres,3,1.0
qiaobz,4,0.7
hexum,3,0.75
bkeyvani,2,1.0
shashispace,4,1.0
robkoper,2,1.0
olajir,1,1.0
porris1000,2,0.0
DataJunkie,13,1.0
sroodhorst,7,0.0
hemangjoshi37a,1,1.0
nateyoder,14,0.9333333333333332
zhouyan,7,1.0
aevri,3,0.75
quaintm,3,1.0
wlter,1,0.0
CRiddler,9,0.0
winklerand,11,1.0
kentmaxwell,1,1.0
mas-dse-nbondugu,1,0.6699999999999999
danielwlogan,13,1.0
anentropic,3,0.75
ChoiwahChow,5,0.83
romainjouin,1,1.0
tunnij,1,1.0
md733406,9,1.0
orrery,1,1.0
mattlangeman,15,1.0
fduxiao,3,1.0
Nodd,3,1.0
amanhanda,12,1.0
anushreejain98,1,1.0
nirizr,1,1.0
roblevy,9,1.0
spandanbrahmbhatt,4,1.0
m-rossi,2,0.0
grez911,4,1.0
schmohlio,16,0.71
philippchistyakov,3,1.0
leonsas,5,1.0
svgsponer,1,1.0
kikocorreoso,1,1.0
ryanjdillon,1,1.0
alexpetralia,4,0.86
pianoboysai,4,1.0
GA-Goig,2,1.0
AaronNBrock,2,1.0
tantrev,9,1.0
neomis,2,1.0
MartinThoma,10,1.0
rinoc,2,1.0
httassadar,8,0.0
bordingj,5,1.0
indera,29,1.0
gabboshow,3,1.0
thisch,4,0.9
mnky9800n,1,1.0
stevemaughan,2,1.0
dengemann,20,1.0
DSLituiev,18,1.0
auvipy,13,1.0
ssikdar1,21,1.0
jd,9,1.0
littlegreenbean33,10,1.0
RahulRAhhy123,15,1.0
mkozel92,7,1.0
gkoller,1,1.0
hannah-c,5,1.0
alex-filatov,5,0.5
micramm,2,1.0
davidjlloyd,4,0.0
kostasmarkakis,2,1.0
bburan,6,1.0
waltaskew,3,0.5
adamhooper,11,1.0
jjames34,2,1.0
fennnec,3,1.0
ProsperousHeart,24,0.6699999999999999
jmarshall9120,6,1.0
harlecin,2,1.0
MichaelWS,68,1.0
arski,3,1.0
aschade,10,0.9166666666666666
dkapitan,2,1.0
bnaul,23,1.0
WinnieT2003,1,1.0
sfinkens,3,1.0
fercook,10,1.0
diehl,1,1.0
PierrickRauby,2,0.6699999999999999
karlacio,3,0.5
gaurav1086,2,1.0
misterjoa,5,1.0
jfries,3,1.0
dylkot,6,1.0
KevinBaudin,4,1.0
dfolch,2,1.0
sudhirmohanraj,2,1.0
mskrajnowski,5,1.0
Iddoyadlin,5,1.0
mayukh18,10,1.0
krapfn,3,1.0
brandonmburroughs,18,0.875
misea,17,1.0
caniko2,3,1.0
WilliamQLiu,5,0.5
meeseeksdev[bot],39,1.0
tunnell,6,1.0
margaret,13,0.79
dllahr,5,1.0
buyology,18,1.0
shanral,1,1.0
JeffAbrahamson,8,1.0
bfollinprm,3,0.6699999999999999
delgadom,4,1.0
ddofer,4,1.0
queise,3,1.0
mikegraham,13,0.89
jl0000285,2,1.0
nickpollari,2,1.0
IzzyHibbert,1,1.0
PhyNerd,4,1.0
JesperDramsch,29,1.0
matjazk,5,0.6699999999999999
StrikerRUS,1,0.0
memeplex,10,0.77
pkaczynski,3,1.0
quertenmont,3,1.0
datakungfu,1,1.0
nmartensen,7,1.0
owlas,2,1.0
undertherain,4,1.0
alorenzo175,10,1.0
BlGene,3,1.0
Stanpol,6,1.0
smsubrahmannian,3,1.0
Yensan,5,1.0
Lwa3000,2,1.0
Garet-Jax,4,0.86
drewm1980,4,0.0
quicknir,10,1.0
sglyon,35,1.0
dizzy0ny,1,0.0
ArtyomKaltovich,5,0.6699999999999999
rojour,4,0.6699999999999999
EmptyRabbit,1,1.0
lherstix,3,0.83
david-liu-brattle-1,22,0.75
mosrosem,2,1.0
sionking,9,0.0
jeffmax,3,1.0
miccoli,9,1.0
jaspergrond,17,1.0
durden,6,0.665
mukherjees,6,1.0
eliadl,6,1.0
vmuriart,15,1.0
Rockyyost,1,1.0
kirillsc,2,1.0
hkleynhans,3,1.0
roniemartinez,3,1.0
ldocao,1,1.0
vtbassmatt,20,1.0
zhangzhengxin,4,1.0
cailiang9,3,1.0
jungwu,2,1.0
dershow,6,1.0
4bic,2,1.0
laudney,5,0.9
SteffenNa,1,1.0
jgoad,4,1.0
K11K11,1,1.0
code-o-swagger,4,1.0
yeojin-dev,11,1.0
buckeye1,5,1.0
xchoudhury,5,1.0
meelmaar,6,1.0
smontanaro,5,1.0
masull,1,1.0
QuentinAndre,1,1.0
avkitex,1,1.0
answerquest,17,0.5
BjmWang,1,1.0
rjurney,5,1.0
ebauch,3,1.0
CarGod,2,1.0
jhaynes,2,1.0
yimingji,6,1.0
affanshahid,2,1.0
mdotwills,3,1.0
tylerjereddy,7,0.75
toor-toor,1,1.0
agconti,11,0.89
richbwood,1,1.0
agtsai-i,1,1.0
ericdill,1,1.0
gerigk,70,1.0
antipisa,1,1.0
myhrvold,1,1.0
AwasthiMaddy,3,1.0
catawbasam,17,0.5
dbl001,1,1.0
rhiever,8,1.0
s-trooper,15,1.0
anjsudh,15,1.0
mikedeltalima,4,1.0
chbrandt,3,1.0
amol-desai,4,0.0
AHoke,2,1.0
user347,2,1.0
Chris7,5,1.0
mturzanska,3,1.0
dxshank,2,1.0
adgaudio,8,0.9
PatrickDRusk,12,1.0
seantchan,1,1.0
taeold,3,0.6666666666666666
codeape2,17,0.75
lukecyca,4,1.0
Grinvydas,3,1.0
ishaan007,4,1.0
JasonCrowe,2,1.0
vlad-tokarev,7,1.0
MatthewChatham,3,1.0
nicku33,3,1.0
zachcp,10,1.0
dstansby,6,1.0
perryvais,3,1.0
Jeeva-G,1,1.0
121onto,13,1.0
embray,3,1.0
robbuckley,18,0.6699999999999999
BastiaanBergman,12,0.0
mattijohn,2,1.0
hodossy,3,1.0
drastega,2,0.335
NoahTheDuke,7,1.0
yp514,3,1.0
lakshayg,4,1.0
danbirken,48,1.0
valentas-kurauskas,8,1.0
avdempsey,1,1.0
dr-1,7,1.0
danj1974,2,1.0
tapumar,1,1.0
adsmaniotto,7,1.0
osdnk,4,1.0
lrq3000,26,1.0
hzzyyy,3,1.0
gabrielclow,1,1.0
csizsek,3,1.0
jorisvandenbossche,10540,1.0
peacing,6,1.0
wesleyParriott,8,0.0
Linlinzhao,17,1.0
FANGOD,8,1.0
kokes,82,1.0
DiSchi123,1,0.33
timgeb,4,1.0
sturmd,2,1.0
goriccardo,10,1.0
marco-giancotti,3,1.0
songmoo,4,1.0
leosartaj,1,1.0
camilocot,4,1.0
jens-k,1,0.6699999999999999
mitya57,3,0.5
amueller,24,1.0
brainrichtech,5,1.0
jonaslb,1,1.0
jay-pee,2,1.0
moorepants,6,1.0
marcosmagno,3,1.0
ringw,3,1.0
hughdbrown,2,1.0
allhailwesttexas,1,1.0
CameronTStark,1,1.0
lamakaha,2,1.0
loicseguin,2,1.0
chrisjcameron,2,0.33
farleylai,4,1.0
ThiviyanThanapalasingam,6,1.0
jgonzale,14,1.0
staple,11,1.0
gamesbook,5,1.0
fortrue23,4,1.0
tamsl,21,1.0
j4321,3,1.0
luluprat,2,1.0
davetlewis-van,5,1.0
gabomgp,2,1.0
yehia67,3,1.0
trbs,2,1.0
jopenmolles,3,1.0
ravinimmi,5,0.5
rcompton,20,1.0
llawall,9,0.5
CoolRanch29,2,0.75
kpapdac,6,0.915
josteinbf,2,1.0
troglotit,11,1.0
willfurnass,9,1.0
agijsberts,14,0.875
parente,2,1.0
bnouvel-wio,2,1.0
fukac99,4,1.0
JeanLescut,3,1.0
evandavey,1,0.6699999999999999
HugoDLopes,2,1.0
jorijnsmit,3,0.0
alybel,2,1.0
bhaprayan,3,0.6699999999999999
thomasschijf,19,1.0
phil65,1,1.0
pau1a,5,1.0
shippy,2,1.0
fredrik-1,7,1.0
pondycrane,3,1.0
tdihp,2,1.0
mgaitan,4,0.5
meditativeape,4,1.0
XiliangSong,3,1.0
rredburn,2,1.0
jwnich93,2,1.0
mkhoshle,3,0.88
cricketgriff,1,1.0
akulagrawal,9,1.0
djhoese,15,0.73
FXLab91,1,1.0
svidela,3,1.0
ardidogol,6,1.0
shaig1,8,1.0
orivej,3,0.33
ikilledthecat,13,1.0
devforfu,4,1.0
munierSalem,2,0.0
sideeye,4,1.0
Blair-Young,2,1.0
vinrok,19,1.0
sangheestyle,1,1.0
paulvija,3,0.5
philip4096,1,1.0
gte620v,17,1.0
Templarrr,9,1.0
shadzic,5,0.0
dewoller,1,1.0
tommyod,24,0.875
crayxt,4,1.0
dr-leo,38,1.0
mayankasthana,3,0.87
jonathanlb,1,1.0
PedroMDuarte,9,1.0
burcakotlu,3,1.0
sandeepdas,11,1.0
florianverhein,12,0.855
WellSys,2,1.0
kpweiler,4,1.0
mciancia,2,1.0
DJCordhose,4,1.0
wavedatalab,2,1.0
mklwong,2,0.5
ilanschnell,1,1.0
obilodeau,3,1.0
bkandel,37,1.0
dodger487,6,1.0
jaksmid,3,1.0
Ron256,2,1.0
highpost,1,1.0
dongzhi0312,3,1.0
Magellanea,2,0.75
atulkumarpccs,6,0.0
z94624,11,0.0
chiboreache,1,1.0
benmoran,1,1.0
GabrielDrapor,2,1.0
cbare,6,1.0
richardwu0,1,1.0
chrisb13,1,1.0
gmatheus95,2,1.0
nimish,9,1.0
mlurie,2,1.0
rstoneback,4,1.0
kmader,1,1.0
lassebenni,1,1.0
Etiennepi,2,1.0
benoxoft,3,1.0
postelrich,11,1.0
syutbai,5,0.6699999999999999
naoko,7,1.0
lucasmengual92,3,1.0
AndresGlez,2,1.0
dlenski,5,1.0
srihari-palivela,3,1.0
alph486,8,0.96
dbivolaru,4,1.0
kkraus14,3,1.0
arijun,8,1.0
fvia,5,1.0
SleepingPills,10,0.835
Panoplos,1,1.0
waltonereed,6,1.0
yerikzheng,2,1.0
JimStearns206,3,1.0
seanjtaylor,1,1.0
JackKelly,16,1.0
SeattleChris,3,0.0
zstomp,1,0.75
cloje,4,1.0
tobyjohnson,6,0.0
sturlamolden,2,1.0
tothandor,2,1.0
FedericoV,3,1.0
elsander,9,1.0
kylebarron,39,0.6699999999999999
jrhaneydata,2,0.0
mau21mau,3,1.0
sornars,9,1.0
felixlawrence,4,0.5
AshWan13,1,1.0
alexmemory,2,1.0
Tomasz-Kluczkowski,2,1.0
kawochen,370,1.0
benjaminsingleton,1,1.0
zls88,5,1.0
ehsteve,8,1.0
PointyShinyBurning,5,1.0
robertdavidwest,4,1.0
qwhelan,141,1.0
SylvainCorlay,8,1.0
rahultelgote1989,3,1.0
alep,8,1.0
bilderbuchi,8,1.0
bsdfish,1,1.0
mineo,5,1.0
josheeg,1,1.0
birdcolour,2,1.0
ryanorsinger,6,1.0
hendrics,7,1.0
khyox,7,1.0
jebob,5,1.0
IHackPy,23,1.0
aplavin,3,1.0
goog,1,1.0
eyadsibai,11,1.0
philiphoyos,2,1.0
ATPs,1,1.0
niravchit,2,1.0
impact27,7,1.0
AbeHandler,8,1.0
csayantan,2,0.75
znicholls,15,0.0
hhuuggoo,15,0.5
enfeizhan,3,1.0
jeanbaptisteb,4,0.0
tbekolay,2,1.0
tliu30,7,1.0
philippmuller,4,1.0
plankthom,14,1.0
manikbhandari,4,1.0
wilsoc5,3,1.0
sboehler,6,1.0
qris,3,0.0
felixlaumon,2,1.0
nokutu,2,0.6699999999999999
Krogsager,1,0.6699999999999999
tudorprodan,3,1.0
denismakogon,1,1.0
shivam6294,5,1.0
tikazyq,1,1.0
zrothberg,5,1.0
AlfTang,8,0.0
joaoavf,2,1.0
yrlihuan,5,1.0
acompa,1,1.0
alyssafuward,2,1.0
stellasia,2,1.0
ZZWENG,2,1.0
aiko1895,1,1.0
DRMacIver,3,1.0
OXPHOS,25,0.5
rea725,25,0.0
mjalkio,1,1.0
chrisfs,2,1.0
ScientiaEtVeritas,4,1.0
ekinsenturk,3,0.0
manu2000,4,1.0
AVI18794,1,1.0
cab938,1,0.6699999999999999
Yevgnen,9,1.0
locojay,21,0.6699999999999999
RutgerK,2,1.0
saltantsolutions,1,1.0
clham,40,1.0
drewfrank,6,1.0
reubano,4,1.0
havoc-io,5,1.0
thierryzoller,2,1.0
jerryatmda,7,1.0
ns-cweber,3,0.5
dylanchase,2,0.0
tommyengstrom,4,1.0
zhaopansong,3,0.5
discostews,5,0.0
mdekstrand,4,1.0
horta,6,1.0
sinhrks,1652,0.91
fjetter,19,1.0
IngvarLa,3,1.0
lurgyman63,1,1.0
masasin,1,1.0
ekisslinger,3,1.0
Vutsuak16,20,1.0
frankcarey,3,1.0
tkf,15,1.0
sciunto,1,0.33
steve3141,11,1.0
hdascapital,2,1.0
brandon-rhodes,19,1.0
mcg1969,22,1.0
stig,4,1.0
imadcat,4,0.0
KevinGrealish,1,1.0
mlilom,1,0.5
schodge,8,0.5
RolandRitt,4,1.0
AlvaroPica,3,1.0
WarrenWeckesser,4,1.0
josephdunn,9,1.0
mmeanwe,3,1.0
gmlander,4,1.0
Ashutosh-Srivastav,2,1.0
simplygood,7,1.0
dmarx,2,1.0
berthelemy,6,0.73
lebigot,10,1.0
WBare,12,1.0
ncoghlan,5,1.0
AlexS12,9,1.0
fabianrost84,4,1.0
StephenKappel,16,1.0
chrismit,4,1.0
numenic,1,1.0
mbochk,1,0.0
jakbaum,2,1.0
ajinkyasirsikar,4,1.0
nipunbatra,32,1.0
glepore70,5,0.0
melissaOu,2,1.0
citynorman,16,1.0
nedyoxall,1,1.0
alvinwt,6,1.0
nfcampos,1,1.0
AP23,2,1.0
warmlogic,2,1.0
pythonbeginner2015,1,1.0
andrejonasson,9,0.6699999999999999
xamox,4,1.0
r4nd0m6uy,1,1.0
kiroh,4,1.0
frexvahi,5,0.5
chrisluedtke,1,1.0
JrtPec,4,0.0
givethemheller,1,1.0
agoodm,2,1.0
paulwasit,6,1.0
phaefele,4,1.0
dfarmer,1,1.0
dvic,2,1.0
elviseno,4,1.0
Casyfill,2,1.0
AbhishekAshokDubey,1,1.0
glaucouri,16,1.0
TomDonoghue,3,1.0
altsheets,2,1.0
xcompass,1,1.0
aernlund,4,1.0
seberg,7,1.0
h-vetinari,592,1.0
beaumartinez,1,1.0
dhomeier,6,0.83
tik0,6,1.0
JaviSorribes,4,1.0
wattse,1,1.0
matejak,4,1.0
frol,29,1.0
zerovector,5,1.0
behzadnouri,147,1.0
77QingLiu,27,1.0
caph1993,2,1.0
sebhahn,8,1.0
Poquaruse,5,1.0
cr458,7,1.0
dwjang,1,1.0
dannyhyunkim,8,0.75
Pyo25,1,1.0
jtf621,9,0.0
aseyboldt,2,1.0
AlexTheProgrammer,2,1.0
mhearne-usgs,1,1.0
sw-yx,10,1.0
mchwalisz,9,1.0
meeb,5,1.0
tiagoantao,8,1.0
glennlawyer,4,0.0
botenvouwer,4,1.0
andyloop,1,1.0
antvig,6,1.0
dgn2,6,1.0
scfrank,3,0.0
pasinu29,8,0.83
dsakuma,2,1.0
michcio1234,3,1.0
shenker,12,1.0
pdpark,33,1.0
tharibo,6,1.0
raminfp,2,0.91
izderadicka,4,1.0
amichaut,4,1.0
simnim,1,1.0
depristo,3,1.0
MatanCohe,5,0.5
pcattori,5,1.0
phpuech,1,1.0
TheRealPJC,7,1.0
lijose,2,1.0
eronlloyd,10,1.0
graingert,14,0.91
shouldsee,3,1.0
cmohl2013,7,1.0
salestial,1,1.0
ceciliassis,4,0.0
stepseazy,5,0.5
geekprince,2,1.0
markschwarz,15,1.0
MrMauricioLeite,5,1.0
ernoc,7,1.0
davaco,3,1.0
chalmerlowe,10,0.69
AnnamalaiNagappan,2,0.5
dberenbaum,4,1.0
pvanmulbregt,3,1.0
lmxia,2,1.0
bgatessucks,4,1.0
noemielteto,6,1.0
dxe4,12,1.0
yarikoptic,183,1.0
danzelmo,1,1.0
belteshassar,6,0.86
sjev,15,0.6699999999999999
Puggie,1,0.5
alan-wong,13,1.0
gnikonorov,3,1.0
scoder,15,0.5
kelvin22,11,1.0
kaloramik,1,0.6699999999999999
bridwell,7,0.0
louistang5,4,1.0
DanielMorton,1,1.0
devanshmehta,4,0.75
ebolyen,15,1.0
Motorrat,1,1.0
VOMAY,2,1.0
xguse,2,1.0
Robin-ZhaoBin,3,1.0
rickhg12hs,1,0.83
jxramos,1,1.0
qirenjie2011,2,1.0
hugadams,81,1.0
johnclinaa,17,0.5
BBQHarvey,9,1.0
grumpyquant,1,1.0
karih,1,1.0
ikonst,2,1.0
AndreiKeino,1,1.0
Redoute,2,1.0
hurcy,7,1.0
FlingeR,3,1.0
teeger,1,1.0
eads,7,0.0
muniswamy89,3,1.0
thomasj02,2,1.0
dsm054,314,0.0
michalsustr,5,0.5
guyko81,2,1.0
mmngreco,17,0.9166666666666666
mindw,6,1.0
fmaussion,6,1.0
brunobeltran,2,1.0
DeoLeung,1,1.0
judimaci,6,1.0
halfmoonhalf,6,1.0
HuntJSparra,3,1.0
ingmars,5,0.0
fluency03,1,1.0
enricorotundo,5,0.6699999999999999
weissi,5,1.0
atulagrwl,21,1.0
SebastianRubbert,1,1.0
philngo,4,0.6699999999999999
junijor0,5,0.0
datnamer,75,1.0
sandeepan,15,1.0
jeffreyrosenbluth,2,0.77
atulaggarwal,10,1.0
cpbl,5,0.6699999999999999
bschreck,2,1.0
vino1493,4,1.0
halflings,9,1.0
kantologist,5,1.0
aginiewicz,8,1.0
lbillingham,3,1.0
TiesdeKok,3,1.0
amirshavit,1,1.0
thismakessand,3,0.75
NumesSanguis,11,1.0
FrankDupree,5,1.0
Imanflow,5,0.6699999999999999
GiantCrocodile,1,1.0
ayapi,5,1.0
rishikksh20,2,1.0
nizamov,4,1.0
scottza,1,1.0
imsrgadich,2,1.0
wrenoud,1,1.0
nokados,5,1.0
ivallesp,5,1.0
jbezaire,3,1.0
jamesqo,7,1.0
emamd,7,1.0
souvik3333,7,0.86
socheon,14,1.0
tim-sauchuk,10,0.0
benjschiller,3,1.0
aarimond,1,1.0
pv,18,1.0
discort,49,1.0
chinskiy,2,1.0
flying-sheep,11,1.0
cryptotvync,13,1.0
pjk645,3,1.0
mirkoha,1,1.0
bashtage,449,0.89
stockersky,3,1.0
vshkolyar,5,1.0
lovasoa,1,1.0
HereticSK,2,0.0
reidmcy,1,1.0
jerryzhujian9,23,1.0
hweersot,3,1.0
Foucl,3,1.0
kamesh9,2,1.0
dcanones,11,0.5
CianciuStyles,11,1.0
bgits,2,1.0
csaladenes,6,1.0
BranYang,35,0.0
mcwitt,12,0.5
Ritaja,2,1.0
ruidc,55,0.73
rduplain,1,1.0
sumitbinnani,14,1.0
westurner,49,1.0
mattmotoki,3,1.0
mproffitt,2,1.0
Bigbrd,2,1.0
scratdata,2,1.0
williamhogman,1,1.0
dickster77,3,1.0
csmcallister,6,1.0
merraksh,4,1.0
jkfm,2,1.0
shawnheide,20,1.0
dejmail,3,0.5
fonnesbeck,70,1.0
skycaptain,9,1.0
zippeurfou,2,1.0
rgieseke,5,0.5
feldbergs,1,1.0
kprestel,17,1.0
qiyangduan,1,1.0
libbyh,1,1.0
rotuna,10,1.0
nvm1,4,0.5
iamdavehawkins,3,1.0
hgilde,3,1.0
zhhhaolong,3,1.0
alexbeaulieu,2,1.0
cstenac,4,1.0
drbunsen,4,1.0
alarangeiras,9,1.0
Florents-Tselai,4,1.0
noelmas,2,1.0
jxrossel,7,1.0
johannh,4,1.0
jmavila,2,1.0
dwkenefick,11,1.0
Guillaume1801,3,0.0
quantumds,6,1.0
jdavies1618,4,1.0
erwanp,6,1.0
rschwiebert,5,1.0
mahiuchun,7,1.0
ksanghai,8,1.0
egrublyte,1,1.0
Xbar,6,1.0
yanzhaojun7,1,0.0
Pingviinituutti,4,1.0
billtubbs,4,1.0
Pspfriends,11,1.0
amanahuja,2,1.0
vermastuti,7,1.0
robertwb,2,1.0
martinLew,1,1.0
uiureo,5,1.0
donpellegrino,1,1.0
mgalbright,5,0.0
naught101,59,1.0
lyssdod,1,1.0
fding253,5,1.0
susodapop,4,0.5
ibukanov,3,1.0
frlnx,6,1.0
RANAJITGIT,19,1.0
Skorpeo,4,1.0
deisdenis,2,1.0
mikofski,14,0.75
PMeira,9,1.0
JasonR055,1,1.0
aiguofer,11,1.0
sindhusubha,3,1.0
ryanwitt,7,1.0
witwall,1,1.0
MeetQingLiu,22,1.0
iandanforth,2,1.0
hueykwik,10,1.0
spearsem,13,1.0
Screamik,1,1.0
apnewberry,6,1.0
jointfull,4,1.0
TCAllen07,1,1.0
darindillon,40,0.6699999999999999
stonebig,40,0.6699999999999999
Naman-Garg-06,3,1.0
jimmyswimmy,1,1.0
lmjohns3,13,1.0
ericdf,1,1.0
nicola514,2,0.0
unsystemizer,1,1.0
huashuai,3,0.75
sven337,3,1.0
Void2258,1,1.0
r-barnes,4,1.0
Moisan,34,1.0
tshauck,16,1.0
alphaho,3,1.0
vitorcurtis,3,1.0
iorilu,1,1.0
kvallinatest,7,1.0
calvinwyoung,3,1.0
scwilkinson,2,1.0
evanpw,80,0.0
tonyshare,5,1.0
StevenLi-DS,4,1.0
vpereira,5,0.0
wisp3rwind,1,1.0
samuelsinayoko,21,1.0
ayee,17,0.0
kuraga,43,1.0
dandavison,17,1.0
mjmdavis,3,1.0
corr723,10,0.0
dsaxton,73,1.0
paddyhoran,2,1.0
bluss,5,1.0
ryanbressler,5,1.0
gambogi,1,1.0
someben,1,1.0
wildwild,3,1.0
tarashypka,2,1.0
ozak,25,0.5
ialong,2,0.6699999999999999
joelostblom,26,1.0
leevei,3,1.0
lgmoneda,1,1.0
DavidLeifer,10,0.86
gthb,1,0.2
Abir0802,4,1.0
cmazzullo,14,1.0
buchs,2,0.0
nprad,9,1.0
jetpack,1,1.0
hlums,2,1.0
tvaught,7,1.0
paul-reiners,4,0.835
Zelazny7,15,1.0
ericbhanson,4,1.0
csakhil,6,1.0
ethanluoyc,4,1.0
chrisrpatterson,17,1.0
schneiderfelipe,8,1.0
dhj-io,2,1.0
ryankarlos,40,1.0
gjreda,16,1.0
MikeWoodward,2,0.0
tyronecragg,7,1.0
sawoha,2,1.0
corazzon,2,1.0
enterdisplaynamehere,3,1.0
orbitalz,1,1.0
KIC,1,1.0
nbecker,5,1.0
fotisj,11,0.6699999999999999
timotta,9,1.0
kirakrishnan,4,1.0
karabill,5,1.0
raffam,13,0.86
varinf,18,1.0
fburanelli,2,1.0
martindurant,53,1.0
rahulwa,6,1.0
iled,7,1.0
leixiayang,2,1.0
OliverSherouse,5,1.0
gerritholl,15,1.0
alexHolistX,2,1.0
axelv,2,1.0
maxwasserman,11,1.0
rcromo,5,1.0
ldacey,28,1.0
ruben-aghayan,1,1.0
Haigutus,2,1.0
aullrich2013,5,1.0
robertour,1,1.0
naranjja,6,1.0
ResidentMario,48,1.0
pdiffley,2,1.0
jacquespeeters,3,1.0
diegoquintanav,6,1.0
xoolive,1,0.5
a-rodin,3,1.0
pheman,9,1.0
lengross,1,1.0
jab,2,1.0
tddpirate,7,0.0
why-not,3,1.0
lebedov,12,1.0
haraldschilly,2,1.0
lam-juice,3,0.0
alvaromorono,1,1.0
naifrec,5,1.0
m-charlton,23,0.0
pwaller,30,1.0
AlyShmahell,1,1.0
Dmoonleo,9,1.0
bhagerman00,2,1.0
GreybeardCG,3,0.6699999999999999
HuoJnx,1,1.0
bnice5000,3,1.0
fbrundu,8,0.5
lssilva,7,1.0
jrandrews,2,1.0
LeartS,2,1.0
ladydata,3,1.0
mackaiver,5,1.0
yinleon,6,1.0
boulund,3,1.0
alokshenoy,2,1.0
mike-seekwell,5,1.0
tobycheese,6,1.0
Vetrintsev,5,1.0
3553x,4,0.8
xdliao,10,1.0
MathMagique,3,1.0
debrouwere,1,1.0
hcorrada,3,1.0
bteplygin,1,1.0
nolimitech,3,0.0
davidbrochart,6,1.0
karimpedia,3,0.0
frenet,17,1.0
avisrivastava254084,1,1.0
kijoshua,3,0.89
staftermath,4,0.0
JonasAbernot,19,1.0
wmechem,2,1.0
CamWhitelaw,4,1.0
markb-trustifi,2,1.0
mdk73,11,1.0
RomainSa,10,1.0
yonil7,12,1.0
cfrancois7,3,1.0
AngryMaciek,1,1.0
RobinFiveWords,13,0.0
H0bbitBaron,5,1.0
anordin95,7,1.0
stevenvandenberghe,2,1.0
elitsaLe,2,1.0
hameerabbasi,5,1.0
CDBridger,4,1.0
rgiessmann,2,1.0
jhelie,3,1.0
dflatow,4,1.0
Bilingyun,6,1.0
mcooganj,1,1.0
Loupiol,1,0.0
OEP,3,1.0
willvousden,2,1.0
atbd,8,0.6699999999999999
jasonzutty,2,1.0
gcbeltramini,5,0.5
tboquet,2,1.0
ziedbouf,2,1.0
stephenbhope,5,1.0
ivannz,27,0.6699999999999999
SotiriosNikas,1,1.0
datatravelgit,1,1.0
erikcs,11,1.0
laurazh,1,1.0
starlord1311,4,1.0
rv816,1,0.0
kchawla-pi,11,1.0
mandel01,2,1.0
mikeyshulman,5,1.0
mezitax,9,1.0
kasuteru,7,1.0
upthewazoo,2,1.0
marcuscollins,1,1.0
startakovsky,3,1.0
rdooley,3,1.0
psychstatistics,1,0.5
mnjenga2,5,1.0
mroeschke,1295,1.0
VDFaller,2,1.0
bcolsen,5,1.0
woodb,16,0.6666666666666666
albertvillanova,42,1.0
egorf,2,1.0
tonyfast,5,1.0
gnestor,9,1.0
blitzd,3,1.0
saroele,11,1.0
c0indev3l,20,1.0
BobMcFry,1,0.0
effigies,3,1.0
ktownv,3,0.0
agrapentin,1,0.0
SethMMorton,5,1.0
ewquon,5,1.0
anhqle,10,1.0
philbigdog,2,0.5
setjmp,1,0.0
Socob,1,1.0
teh,12,1.0
Patolord,7,1.0
denfromufa,116,1.0
tyarkoni,5,1.0
FXocena,4,0.0
sergeny,19,1.0
joekane3,1,1.0
lafrech,13,1.0
kjford,12,1.0
fission6,15,1.0
windancert,1,1.0
smsaladi,6,1.0
zhaoguixu,2,1.0
ThibTrip,9,1.0
tmnhat2001,25,0.9116666666666666
mmongeon-aa,1,1.0
erewok,2,0.6699999999999999
jesrael,5,0.5
spenczar,4,1.0
Koustav-Samaddar,11,0.8333333333333334
gabegm,3,1.0
simongibbons,4,1.0
hawkeyej,7,1.0
andres-aguilar,4,1.0
fjdiod,22,1.0
stephenjshaw,11,1.0
mattboggess,4,1.0
PieCampi,3,1.0
darshanpandit,21,0.0
pesap,1,1.0
Dr-G,3,1.0
tylerwmarrs,3,1.0
fproldan,15,1.0
enriquefernandez,1,1.0
sandhujasmine,2,1.0
stephen-hoover,13,1.0
jquadrino,10,1.0
urraca,4,0.5
annamcmahon,3,1.0
robmarkcole,10,0.5
et2010,6,1.0
targon,1,1.0
rpalloni,2,1.0
lawriewelsby,5,1.0
jakevdp,24,1.0
tdsmith,4,1.0
clstaudt,2,1.0
ImportanceOfBeingErnest,7,1.0
datalyze-solutions,7,1.0
yvanaquino,1,1.0
stevenmanton,12,0.83
vkcelik,5,1.0
vitiral,4,1.0
EricPrescottGagnon,2,0.0
mhlr,3,1.0
yjkimjunior,1,1.0
birdsarah,12,1.0
atedstone,2,1.0
cldy,4,0.62
sumdan,2,1.0
jmwoloso,29,1.0
johnklehm,4,0.83
orbitfold,13,1.0
Vozf,8,1.0
mfmain,2,0.0
tikael1011,3,0.8
crepererum,8,0.5
nackerley,23,1.0
maxalbert,1,1.0
Silence-python,3,0.0
charlie0389,15,1.0
jonasrauber,3,1.0
rafarui,2,1.0
ogrisel,14,1.0
domoritz,4,1.0
karldw,8,1.0
andreydung,1,1.0
PowerToThePeople111,10,0.0
meloun,4,1.0
Evfro,1,1.0
enmanuelsg,6,1.0
mullachv,1,0.5
jvspl,1,1.0
jdreyf,3,1.0
cboettig,8,1.0
aimboden,27,1.0
lucasb-eyer,10,1.0
manrajgrover,9,1.0
filmackay,28,1.0
rajbiswas,9,1.0
DiegoAlbertoTorres,3,1.0
ieow,1,1.0
leoruiz,1,1.0
randolf-scholz,3,1.0
roycoding,1,1.0
rbenes,9,1.0
nbateshaus,6,1.0
kaichogami,5,1.0
ulijh,1,1.0
helikopterodaktyl,4,1.0
jacksonjos,22,0.8
nateGeorge,5,0.945
vtselfa,6,1.0
aschneiderman,1,1.0
miguelmorin,5,1.0
elpres,5,1.0
willpan,2,1.0
mchrisober,3,1.0
mmckerns,4,0.6699999999999999
yuval-nardi,3,1.0
koxt,7,0.0
sagarchaturvedi1,2,1.0
nskalis,1,1.0
rpanai,2,1.0
dorandeluz,3,1.0
davidrpugh,6,1.0
tmo,2,1.0
xuyannus,4,1.0
hechtlinger,1,1.0
roman-khomenko,1,1.0
vonosmas,2,0.785
mapa17,10,1.0
SeedyL,2,1.0
MaximilianHahn,1,1.0
edhalter,4,1.0
jpindi,1,1.0
jcbozonier,9,1.0
Dremor,1,1.0
UnitedMarsupials,9,1.0
camrongodbout,6,1.0
MaticConradi,1,1.0
usagliaschi,8,1.0
Obi-Sargoni,1,1.0
antoine-gallix,1,1.0
joaoe,1,1.0
mficek,16,1.0
xgdgsc,15,1.0
hadjmic,5,1.0
ghasemnaddaf,17,1.0
huaiweicheng,2,1.0
dopplershift,11,1.0
rustyrazorblade,3,1.0
jdeschenes,22,1.0
rasbt,23,1.0
surbas,3,1.0
martinburch,1,1.0
sudarshan1989,1,1.0
DylanDmitri,6,1.0
MasonGallo,27,1.0
hector13,1,1.0
jeromedockes,4,0.5
joaolcorreia,3,1.0
wcbeard,19,1.0
andrewkittredge,3,1.0
jdoepfert,11,1.0
edrossy,13,1.0
pitrou,11,0.75
henriqueribeiro,6,1.0
IamJeffG,6,1.0
patrickfournier,4,1.0
hoechenberger,1,1.0
NoamGit,2,1.0
thusson,2,1.0
foebu,3,1.0
fjanoos,3,1.0
aseering,2,0.6699999999999999
swaeety,3,0.0
eipiminus1,5,1.0
ruiann,1,0.5700000000000001
davmlaw,2,1.0
jordeu,2,1.0
makeajourney,11,1.0
goldenbull,16,0.9
Chhamanshu,2,1.0
thomasfrederikhoeck,2,0.5
gregglind,14,1.0
AlexandreDecan,8,0.6100000000000001
samzhang111,2,1.0
diogocp,2,1.0
qAp,7,0.0
armaganthis3,18,1.0
vincentdavis,7,0.0
quasiben,10,1.0
stephenmartindale,4,1.0
varnion,4,1.0
aabdalmoniem,3,1.0
jtweeder,9,1.0
ryanpeach,2,1.0
apiszcz,15,1.0
fungi,4,0.6
misupova,3,1.0
manugarri,23,1.0
ojh,2,1.0
manuteleco,6,1.0
solomon-negusse,1,0.5
HyunTruth,13,1.0
kevanescence,1,1.0
ayhanfuat,3,0.6699999999999999
fdellavedova,2,1.0
jonathanstrong,3,0.6699999999999999
gohigh,2,1.0
little-eyes,6,1.0
rbu,6,1.0
patniharshit,11,1.0
yakupberk-sbg,1,1.0
arita37,15,1.0
ebrevdo,5,1.0
cheealtair,1,1.0
Winand,31,1.0
bluefir,60,1.0
midfield,4,1.0
VanyTang,9,1.0
tsu-shiuan,3,1.0
aaronbarzilai,3,1.0
robdmc,2,1.0
tgefell,2,1.0
jeffneuen,3,1.0
ebeckm,1,1.0
Dominnio,8,0.0
siposmiki,19,1.0
priya-gitTest,6,1.0
dschallis,1,1.0
necnec,4,1.0
patricktokeeffe,69,1.0
bobhaffner,60,1.0
justinchan23,2,0.0
radewagen,2,1.0
normanius,8,1.0
goyodiaz,34,1.0
flaviovs,3,1.0
vitoriahmc,7,1.0
timanovsky,2,1.0
liorshk,12,1.0
petebachant,8,1.0
matrixorz,1,1.0
chris-b1,1377,1.0
nathalier,13,1.0
maxchang,1,1.0
YitzhakAndrade,5,1.0
dalcolmo,6,1.0
mch56,1,1.0
su9204,3,0.6
derDieDasJojo,3,1.0
brettcannon,2,1.0
chengs,1,1.0
wuan,34,1.0
therriault,6,1.0
nfoti,3,1.0
nhockham,15,1.0
s4chin,4,1.0
bjonen,54,1.0
ExpHP,1,1.0
tompicking,23,1.0
ralphbean,2,0.5
andymaheshw,4,1.0
1kastner,27,1.0
5hirish,11,1.0
daehyok,2,1.0
Nakai-Naoto,3,1.0
nickagian,6,0.585
aliridha1510,1,0.0
whitequark,5,1.0
rhansen,5,1.0
minrk,23,1.0
unutbu,50,1.0
jsbangsund,1,1.0
richardjgowers,3,1.0
jennolsen84,21,1.0
ahojnnes,6,1.0
AtomBaf,4,0.0
pepicello,3,0.0
OlegShteynbuk,8,1.0
JoelleFV,1,1.0
kimsey0,6,1.0
rtruxal,3,1.0
dolaameng,8,1.0
bhavitvyamalik,5,1.0
ennemosc,1,1.0
wuhuanyan,4,1.0
babky,8,1.0
kjordahl,6,1.0
cirmic,1,1.0
danich1,9,1.0
tdas14,7,1.0
hanfang,6,1.0
rhysjohnmiller,2,1.0
HagaiHargil,7,0.835
AmnaKhan1,19,1.0
djbarker,1,1.0
jaimefrio,26,0.94
JQGoh,7,1.0
marcelnem,3,1.0
kaotika,1,1.0
gwerbin,28,1.0
etyurin,3,1.0
pzajec,1,1.0
jaibot,1,1.0
Acanthostega,6,1.0
jorenvs,2,1.0
Anjali2019,8,1.0
sleibman,2,1.0
harmbuisman,6,1.0
mgdadv,6,1.0
akashgurava,4,1.0
patricksurry,10,1.0
a59,4,1.0
jbaehne,3,1.0
wholmgren,21,1.0
dirkbike,11,1.0
verhalenn,14,0.625
xdong,11,1.0
Shreya12sahay,3,1.0
dim1tri,7,1.0
luispedro,1,1.0
kunalgosar,8,1.0
roablep,1,1.0
avrixtor,1,1.0
KTAtkinson,8,1.0
psychemedia,18,0.5
briancappello,1,0.0
meiermark,4,0.75
wulflord123,1,1.0
ProxyCasual,2,1.0
alanjds,7,1.0
tipanverella,2,1.0
joh-mue,4,1.0
takekazuomi,5,1.0
aliceell,2,0.5
thatneat,7,1.0
sonots,2,1.0
meteore,34,1.0
shwetasit,4,1.0
saidie,7,1.0
choffstein,1,1.0
fporcari,2,1.0
mjwillson,1,1.0
danishabdullah,1,1.0
rmorgans,6,1.0
psinger,2,1.0
alfredrumss,2,1.0
ditenberg,2,1.0
douglatornell,8,1.0
aa3222119,18,1.0
junjieahaha,1,1.0
davidslac,6,1.0
michaelsilverstein,5,0.86
kongscn,5,1.0
noamher,10,0.875
mrpoor,12,1.0
marks,5,1.0
benjaminr,30,1.0
testvinder,5,1.0
mknorps,2,1.0
JoranDox,5,0.0
ducky427,1,1.0
zscholl,10,1.0
ikoevska,7,1.0
rsmith54,4,1.0
Pawel-Kranzberg,1,1.0
dan7davis,2,1.0
chenweisomebody126,9,1.0
aparimeet,3,1.0
rasmuse,2,1.0
philipCrunchboards,4,1.0
nuistzhou,2,1.0
dnmiller,11,0.6699999999999999
jaidevd,2,1.0
swails,1,1.0
dashesy,17,1.0
tchristensenowlet,7,1.0
abielr,1,1.0
ronnydw,2,1.0
wadawson,5,1.0
nesterko,2,1.0
fred-xue,6,1.0
AashitaK,4,1.0
Themanwithoutaplan,43,1.0
XinCindyChen,6,1.0
jojomdt,3,1.0
ycopin,6,1.0
DataYI,3,1.0
borisRa,9,1.0
chernrick,4,1.0
francescomalandrino,10,0.5
gfyoung,4256,1.0
pekaalto,8,1.0
gilbenzvi,3,1.0
cganterh,4,1.0
kenhui521,8,1.0
lukaszkiszka,2,1.0
kristang,6,1.0
rosnfeld,90,1.0
tritemio,8,1.0
perone,1,1.0
eahogue,6,1.0
timcera,13,1.0
tobgu,8,1.0
DrEhrfurchtgebietend,4,1.0
rhendric,3,1.0
stanleyguan,8,0.6699999999999999
phretor,6,1.0
zygmuntz,7,1.0
ingwinlu,13,1.0
FChmiel,1,1.0
jfunction,2,1.0
Melnorme1984,2,1.0
alsobay,9,1.0
Austrianguy,1,1.0
jameswinegar,3,1.0
dougvk,6,1.0
IamGianluca,25,1.0
dukebody,56,0.95875
ichuang,4,1.0
dansondergaard,2,1.0
abudis,1,1.0
zhangruoyu,1,1.0
devqinves,4,1.0
ssalonen,13,1.0
peisenha,3,1.0
mairas,5,1.0
sirhc78,1,1.0
joehand,3,0.83
mike-cramblett,2,1.0
g2boojum,4,1.0
eyurtsev,11,1.0
jstray,15,1.0
cgevans,3,0.7
qinghao1,5,1.0
pascal-schetelat,3,1.0
kopiO,3,1.0
ghl3,9,1.0
kawing-chiu,11,1.0
skaae,5,1.0
hal98x,3,1.0
MIsmailKhan,5,1.0
nreeve17,6,0.6699999999999999
JakeCowton,2,1.0
Setur-sjd,3,1.0
srgkoval,2,1.0
gitavi,8,1.0
rampeer,1,1.0
UltaLior,1,1.0
Liam3851,117,1.0
gustavolinari,3,1.0
hassanshamim,3,0.8
palewire,37,1.0
TakaakiFuruse,6,1.0
ifosch,2,1.0
whoburg,1,1.0
foolcage,6,1.0
k-yaegashi,2,1.0
higs4281,3,1.0
uttamaniket,4,1.0
arpheno,11,1.0
MartinTrat,2,1.0
daler,2,0.5
timdef,5,0.5
DanielOverdevest,10,1.0
jpryda,1,1.0
ivansabik,1,1.0
asobrien,13,1.0
danielhrisca,7,1.0
spluque,1,1.0
cdluminate,1,1.0
gprichter,1,1.0
tzyl,4,1.0
wkschwartz,13,1.0
migdard,2,1.0
mrocklin,178,1.0
bpraggastis,10,0.6699999999999999
danger89,6,1.0
alokgogate,1,1.0
ottothecow,21,0.0
gritschel,2,1.0
luis-ortiz,3,1.0
yinhm,2,1.0
moconnell,2,1.0
pytoccaz,1,1.0
n8henrie,2,1.0
sean-schaefer,13,1.0
flo-rian,2,1.0
frankcleary,4,0.89
edwinhu,4,1.0
jacoblsmith,2,1.0
pletnes,5,1.0
davenovelli,2,1.0
mm-manu,3,1.0
damionw,3,0.92
certik,3,1.0
nathanielatom,3,1.0
eyaler,6,1.0
lazarillo,7,0.0
yuquant,2,1.0
AlistairMills,5,1.0
rgeens,3,1.0
Vonatzki,17,1.0
set92,1,0.0
viswaraavi,3,1.0
buntwo,4,1.0
podshumok,6,1.0
sronen71,10,1.0
pachecobruno,10,1.0
jsudheer,6,1.0
d1manson,9,1.0
akloster,3,1.0
kapilsh,1,1.0
chrisgorgo,5,0.8
captainsafia,6,0.0
andreas-h,6,1.0
cod3monk,1,1.0
petrushy,2,1.0
larsmans,12,1.0
heidek,2,1.0
dldx,3,1.0
ruhkog,2,1.0
psomhorst,1,1.0
colindickson,10,1.0
alexamici,4,0.7
drPeteD,2,1.0
dadkins,5,1.0
Petr886,1,0.33
ozhogin,2,1.0
FilipDominec,3,1.0
johncant,1,1.0
max-sixty,567,0.75
ginward,3,1.0
dharmen001,9,1.0
joeb1415,23,1.0
gryBox,7,1.0
twiecki,49,1.0
deads,5,1.0
Oleg-Krivosheev,5,1.0
calben,2,1.0
prakhar987,1,1.0
anuzis,1,0.5
ItsMeLarry,3,1.0
antonyj453,3,1.0
devanl,2,1.0
johannesschweig,3,0.0
benoitpointet,7,1.0
nanoix9,2,1.0
Eoksni,4,1.0
jtbates,2,1.0
katastrofa999,3,1.0
reckoner,5,1.0
jeffyancey,2,0.0
icfly2,3,1.0
WLazar,1,1.0
mcrot,9,1.0
feixialong,3,1.0
tenberg,2,0.6699999999999999
woztheproblem,4,0.6699999999999999
holocronweaver,6,0.75
td2014,6,1.0
