name1,name2,period,score1,score2,consist_cnt,inconsist_cnt,pos_consist_cnt,neg_consist_cnt,issue_cnt,cmt_cnt
0x1997,ctiller,20170,1.0,1.0,1,0,0,0,1,2
0x1997,stanley-cheung,20170,1.0,1.0,0,0,0,0,1,2
0x1997,vjpai,20170,1.0,1.0,1,0,0,0,1,2
24,dgquintas,20170,1.0,1.0,1,0,0,0,1,3
7anner,googlebot,20170,1.0,1.0,2,0,2,0,1,6
7anner,grpc-kokoro,20170,1.0,1.0,6,0,6,0,1,10
7anner,grpc-testing,20170,1.0,1.0,8,0,8,0,1,12
7anner,jtattermusch,20170,1.0,0.5,6,2,0,0,1,8
AhmadChaker,jtattermusch,20170,1.0,1.0,6,0,0,0,2,8
Aneurin,donalmacc,20170,1.0,1.0,1,0,1,0,1,2
Aneurin,jtattermusch,20170,1.0,1.0,0,0,0,0,1,3
AngryLemonn,bharathsjois,20170,0.75,0.0,1,0,0,1,1,5
AngryLemonn,jboeuf,20170,0.33,1.0,1,4,0,0,1,6
AngryLemonn,jcanizales,20170,0.33,1.0,0,2,0,0,1,4
AngryLemonn,ncteisen,20170,1.0,1.0,1,0,0,0,1,2
AngryLemonn,patricia93sousa,20170,0.33,1.0,1,2,0,0,1,5
AngryLemonn,stanley-cheung,20170,1.0,1.0,2,0,0,0,1,3
AngryLemonn,tuxagon,20170,0.33,0.5,3,0,0,2,1,5
AngryLemonn,victorlin0,20170,0.75,1.0,3,0,0,0,1,5
AngryLemonn,vish74,20170,0.75,1.0,6,4,0,0,1,10
AngryLemonn,yang-g,20170,1.0,1.0,0,0,0,0,1,3
Arun-KumarH,dcodeIO,20170,1.0,1.0,1,0,0,0,1,2
Arun-KumarH,grpc-kokoro,20170,1.0,1.0,5,0,0,0,1,6
Arun-KumarH,murgatroid99,20170,1.0,0.9266666666666667,13,0,0,0,3,17
Arun-KumarH,nicolasnoble,20170,1.0,1.0,2,0,0,0,1,3
Arun-KumarH,paralin,20170,1.0,0.9,7,0,0,0,2,10
Arun-KumarH,vanthome,20170,1.0,1.0,2,0,0,0,1,3
Asara,blerest,20170,1.0,1.0,0,0,0,0,1,2
Asara,cyberflohr,20170,1.0,1.0,0,0,0,0,1,2
Asara,jboeuf,20170,1.0,1.0,4,0,0,0,1,7
Asara,jtattermusch,20170,1.0,1.0,1,0,0,0,1,2
Asara,murgatroid99,20170,1.0,1.0,1,0,0,0,1,2
Asara,sackio,20170,1.0,1.0,0,0,0,0,1,2
Axiverse,jtattermusch,20170,1.0,1.0,2,0,0,0,1,3
Azert-Mark,dgquintas,20170,1.0,0.0,0,1,0,0,1,2
Azert-Mark,jtattermusch,20170,1.0,1.0,0,0,0,0,1,3
Binarytales,kaiwu,20170,1.0,1.0,1,0,0,0,1,2
Binarytales,lnshi,20170,1.0,1.0,1,0,0,0,1,2
Binarytales,sagikazarmark,20170,1.0,1.0,1,0,0,0,1,2
Blanen,Disturbing,20170,1.0,0.8,6,0,0,0,1,7
Blanen,g-ericso,20170,1.0,1.0,2,0,0,0,1,3
Blanen,vjpai,20170,1.0,1.0,2,0,0,0,1,3
BusyJay,googlebot,20170,1.0,1.0,1,0,1,0,1,3
BusyJay,grpc-kokoro,20170,1.0,1.0,21,0,20,0,2,30
BusyJay,grpc-testing,20170,1.0,1.0,7,0,7,0,2,21
BusyJay,y-zeng,20170,1.0,1.0,1,0,0,0,1,2
Capstan,nathanielmanistaatgoogle,20170,1.0,1.0,1,0,0,0,1,2
Cloudef,googlebot,20170,1.0,1.0,2,0,2,0,1,4
Cloudef,grpc-kokoro,20170,1.0,1.0,4,0,0,0,1,6
Cloudef,grpc-testing,20170,1.0,1.0,7,0,7,0,1,9
Cloudef,y-zeng,20170,1.0,1.0,2,0,1,0,1,4
Cloudef,yang-g,20170,1.0,1.0,1,0,0,0,1,3
Crevil,drobertduke,20170,1.0,1.0,4,0,0,0,1,5
Crevil,googlebot,20170,1.0,1.0,9,0,4,0,1,10
Crevil,grpc-kokoro,20170,1.0,1.0,30,0,30,0,2,40
Crevil,grpc-testing,20170,1.0,1.0,4,0,4,0,2,12
Crevil,jhspaybar,20170,1.0,1.0,1,0,0,0,1,2
Crevil,mehrdada,20170,1.0,1.0,0,0,0,0,1,2
Crevil,murgatroid99,20170,1.0,1.0,15,0,2,0,3,15
Crevil,relwell,20170,1.0,1.0,1,0,0,0,1,2
Crevil,rnburn,20170,1.0,1.0,1,0,0,0,1,2
DPJacques,grpc-kokoro,20170,1.0,1.0,0,0,0,0,1,2
DPJacques,nathanielmanistaatgoogle,20170,1.0,1.0,1,0,0,0,1,2
DPJacques,nicolasnoble,20170,1.0,1.0,2,0,0,0,1,3
Develkone,RedL0tus,20170,1.0,1.0,1,0,0,0,1,2
Develkone,nicolasnoble,20170,1.0,1.0,1,0,0,0,1,2
Disturbing,g-ericso,20170,0.8,1.0,3,0,0,0,1,6
Disturbing,vjpai,20170,0.8,1.0,3,0,0,0,1,6
DmitryEfimenko,joelharkes,20170,1.0,1.0,1,0,0,0,1,2
DmitryEfimenko,jonair,20170,1.0,1.0,1,0,0,0,1,3
DmitryEfimenko,jwuliger,20170,1.0,1.0,1,0,0,0,1,2
DmitryEfimenko,murgatroid99,20170,1.0,1.0,5,0,0,0,1,6
DmitryEfimenko,stephenplusplus,20170,1.0,1.0,1,0,0,0,1,2
Dustskyfield,yang-g,20170,1.0,1.0,0,0,0,0,1,2
Fixfire,googlebot,20170,1.0,1.0,0,0,0,0,1,3
Fixfire,grpc-kokoro,20170,1.0,1.0,0,0,0,0,1,7
Fixfire,grpc-testing,20170,1.0,1.0,0,0,0,0,1,10
GewoonMaarten,wonderbeyond,20170,1.0,1.0,1,0,0,0,1,2
GrapeBaBa,nathanielmanistaatgoogle,20170,1.0,1.0,2,0,0,0,1,3
Grsmto,murgatroid99,20170,1.0,1.0,3,0,0,0,1,4
HTChang,zhangtaodeveloper,20170,1.0,0.0,0,0,0,0,1,2
Hronom,Jacksgong,20170,1.0,1.0,1,0,0,0,1,2
Hronom,tigerlee,20170,1.0,1.0,1,0,0,0,1,2
Hujun,nathanielmanistaatgoogle,20170,1.0,0.5,1,0,0,0,1,3
IvanSafonov,jtattermusch,20170,1.0,1.0,1,0,0,0,1,2
JackOfMostTrades,jboeuf,20170,1.0,1.0,1,0,0,0,1,2
JackmanGo,MaxDesiatov,20170,1.0,1.0,1,0,0,0,1,2
Jacksgong,tigerlee,20170,1.0,1.0,1,0,0,0,1,2
JasonLunn,teodor-pripoae,20170,0.75,1.0,6,0,0,0,1,6
JelteF,jtattermusch,20170,1.0,1.0,1,0,0,0,1,2
JelteF,nathanielmanistaatgoogle,20170,0.5,0.5,2,0,0,1,1,4
JelteF,ndandanov,20170,1.0,1.0,0,0,0,0,1,3
JelteF,nicolasnoble,20170,1.0,0.0,0,0,0,0,1,2
JelteF,nwoeanhinnogaehr,20170,1.0,0.0,0,0,0,0,1,2
Jonathan34,public,20170,0.0,1.0,0,0,0,0,1,2
Jonathan34,tbillington,20170,0.0,0.0,1,0,0,1,1,2
Jonathan34,tjerkw,20170,0.0,0.0,1,0,0,1,1,2
JoseFMP,KanybekMomukeyev,20170,1.0,1.0,2,0,0,0,1,3
JoseFMP,menghanl,20170,1.0,1.0,1,0,0,0,1,2
JoseFMP,muxi,20170,1.0,1.0,2,0,0,0,1,3
JoseFMP,nitinlodhe,20170,1.0,1.0,1,0,0,0,1,2
KanybekMomukeyev,menghanl,20170,1.0,1.0,2,0,0,0,1,3
KanybekMomukeyev,muxi,20170,1.0,1.0,4,0,0,0,1,4
Kenblair1226,murgatroid99,20170,1.0,1.0,1,0,0,0,1,2
LeTranAnhVu,ncteisen,20170,1.0,1.0,0,0,0,0,1,2
LewisMcReu,nathanielmanistaatgoogle,20170,1.0,1.0,1,0,0,0,1,2
LewisMcReu,shaoweipng,20170,1.0,1.0,1,0,0,0,1,2
LibertyBeta,murgatroid99,20170,1.0,1.0,12,0,0,0,1,7
Linerd,nathanielmanistaatgoogle,20170,1.0,1.0,6,0,0,0,1,5
LiranLast,mehrdada,20170,1.0,1.0,1,0,0,0,1,2
LiranLast,nathanielmanistaatgoogle,20170,1.0,0.0,0,0,0,0,1,2
MakMukhi,ncteisen,20170,1.0,1.0,3,0,0,0,2,5
MakMukhi,yang-g,20170,1.0,1.0,5,0,0,0,2,7
Martin-Pitt,murgatroid99,20170,1.0,1.0,3,0,0,0,2,5
Martin-Pitt,paralin,20170,1.0,0.0,0,0,0,0,1,2
No9,xorander00,20170,1.0,1.0,1,0,1,0,1,2
Op3n4M3,twk3,20170,1.0,1.0,4,0,0,0,2,6
PiotrSikora,siacomuzzi,20170,0.0,1.0,0,1,0,0,1,4
PiotrSikora,wenbozhu,20170,0.0,1.0,0,0,0,0,1,2
Possum3D,zackangelo,20170,1.0,1.0,2,0,0,0,1,3
RomanYankovsky,stephenplusplus,20170,0.0,1.0,0,1,0,0,1,4
RyanGordon,stanley-cheung,20170,1.0,1.0,1,0,1,0,1,5
a11r,ctiller,20170,1.0,1.0,2,0,0,0,2,9
a11r,dgquintas,20170,1.0,1.0,2,0,0,0,2,4
a11r,grpc-kokoro,20170,1.0,1.0,4,0,0,0,3,9
a11r,jhseu,20170,1.0,1.0,1,0,0,0,1,2
a11r,markdroth,20170,1.0,1.0,4,0,0,0,2,6
a11r,nathanielmanistaatgoogle,20170,1.0,0.5,0,0,0,0,2,5
a11r,ncteisen,20170,1.0,1.0,1,0,0,0,1,2
aakarshit-batchu,jimthematrix,20170,1.0,1.0,3,0,0,0,1,4
aakarshit-batchu,joshadambell,20170,1.0,1.0,1,0,0,0,1,3
aakarshit-batchu,uguessmyid,20170,1.0,1.0,1,0,0,0,1,2
aardappel,ctiller,20170,1.0,1.0,8,0,0,0,1,6
aardappel,googlebot,20170,1.0,1.0,0,0,0,0,1,2
aardappel,grpc-kokoro,20170,1.0,1.0,47,0,28,0,3,40
aardappel,grpc-testing,20170,1.0,1.0,4,0,4,0,1,4
aardappel,hvardhanx,20170,1.0,0.83,4,0,0,0,1,7
aardappel,kpayson64,20170,1.0,1.0,3,0,0,0,1,5
aardappel,mehrdada,20170,1.0,0.5,4,0,0,0,1,6
aardappel,per-gron,20170,1.0,1.0,0,0,0,0,1,4
aardappel,vjpai,20170,1.0,1.0,9,0,0,0,1,11
aardappel,yang-g,20170,1.0,1.0,0,0,0,0,1,4
aazimh,ProLoDs,20170,1.0,1.0,0,0,0,0,1,3
aazimh,kpayson64,20170,1.0,1.0,0,0,0,0,1,3
aazimh,lukesneeringer,20170,1.0,1.0,2,0,2,0,1,5
abaldeva,googlebot,20170,1.0,1.0,0,0,0,0,1,2
abaldeva,grpc-kokoro,20170,1.0,1.0,0,0,0,0,1,16
abaldeva,grpc-testing,20170,1.0,1.0,0,0,0,0,1,3
abaldeva,hsaliak,20170,1.0,1.0,1,0,0,0,1,2
abaldeva,nicolasnoble,20170,1.0,1.0,1,0,0,0,1,3
acoroian,JoseFMP,20170,1.0,1.0,2,0,0,0,1,3
acoroian,KanybekMomukeyev,20170,1.0,1.0,4,0,0,0,1,4
acoroian,jboeuf,20170,1.0,1.0,2,0,0,0,1,4
acoroian,jcanizales,20170,1.0,0.835,10,0,0,0,2,10
acoroian,menghanl,20170,1.0,1.0,2,0,0,0,1,3
acoroian,muxi,20170,1.0,1.0,10,0,0,0,3,13
acoroian,zingwin,20170,1.0,1.0,2,0,0,0,1,3
adam-26,Asara,20170,0.6699999999999999,1.0,2,0,0,0,1,4
adam-26,blerest,20170,0.6699999999999999,1.0,0,1,0,0,1,4
adam-26,cyberflohr,20170,0.6699999999999999,1.0,0,1,0,0,1,4
adam-26,jboeuf,20170,0.6699999999999999,1.0,8,2,0,0,1,9
adam-26,jtattermusch,20170,0.6699999999999999,1.0,2,0,0,0,1,4
adam-26,murgatroid99,20170,0.6699999999999999,1.0,2,0,0,0,1,4
adam-26,sackio,20170,0.6699999999999999,1.0,0,1,0,0,1,4
adelez,apolcyn,20170,1.0,1.0,21,0,0,0,8,25
adelez,dgquintas,20170,1.0,1.0,10,0,0,0,5,15
adelez,ericgribkoff,20170,1.0,0.875,7,1,0,0,4,13
adelez,grpc-kokoro,20170,1.0,1.0,9,0,0,0,3,12
adelez,jli053,20170,1.0,1.0,1,0,1,0,1,2
adelez,jtattermusch,20170,1.0,0.9375,21,1,1,0,4,22
adelez,kpayson64,20170,1.0,1.0,2,0,0,0,1,3
adelez,makdharma,20170,1.0,1.0,3,0,0,0,2,5
adelez,matt-kwong,20170,1.0,1.0,1,0,0,0,1,2
adelez,murgatroid99,20170,1.0,1.0,4,0,0,0,4,9
adelez,muxi,20170,1.0,1.0,1,0,0,0,1,2
adelez,nathanielmanistaatgoogle,20170,0.75,1.0,6,0,0,0,4,11
adelez,ncteisen,20170,1.0,1.0,8,0,0,0,3,10
adelez,nicolasnoble,20170,1.0,1.0,1,0,0,0,1,2
adelez,savagecm,20170,1.0,1.0,0,0,0,0,1,2
adelez,yang-g,20170,1.0,1.0,6,0,0,0,1,5
aelij,grpc-kokoro,20170,0.8,1.0,34,17,34,0,1,22
aelij,jtattermusch,20170,0.8,1.0,6,0,0,0,1,8
agl,ctiller,20170,1.0,1.0,1,0,0,0,1,2
agl,mehrdada,20170,1.0,1.0,1,0,0,0,1,2
agonzalezro,Develkone,20170,1.0,1.0,1,0,0,0,1,2
agonzalezro,apolcyn,20170,1.0,1.0,1,0,0,0,1,2
ahoenselaar,apolcyn,20170,1.0,1.0,0,0,0,0,1,2
ahoenselaar,augustoroman,20170,1.0,1.0,0,0,0,0,1,2
ahoenselaar,googlebot,20170,1.0,0.6699999999999999,1,0,0,0,1,4
ahoenselaar,grpc-kokoro,20170,1.0,1.0,0,0,0,0,1,19
ahoenselaar,grpc-testing,20170,1.0,1.0,0,0,0,0,1,3
ahoenselaar,jboeuf,20170,1.0,1.0,0,0,0,0,1,3
ahundt,Blanen,20170,1.0,1.0,4,0,0,0,1,4
ahundt,Disturbing,20170,1.0,0.8,6,0,0,0,1,7
ahundt,bhkeys,20170,1.0,1.0,0,0,0,0,1,3
ahundt,bkeys,20170,1.0,1.0,2,0,0,0,1,3
ahundt,g-ericso,20170,1.0,1.0,2,0,0,0,1,3
ahundt,vjpai,20170,1.0,1.0,2,0,0,0,1,3
ajagnanan,JosephusYang,20170,1.0,1.0,1,0,0,0,1,2
ajardan,AngryLemonn,20170,1.0,1.0,1,0,0,0,1,3
ajardan,stanley-cheung,20170,1.0,1.0,2,0,0,0,1,4
akamos,ncteisen,20170,1.0,1.0,2,0,0,0,1,3
akshithasriraman,RomanYankovsky,20170,1.0,0.0,0,1,0,0,1,4
akshithasriraman,amirharati,20170,1.0,1.0,1,0,1,0,1,4
akshithasriraman,ctiller,20170,1.0,1.0,5,0,1,0,1,6
akshithasriraman,hsaliak,20170,1.0,1.0,2,0,0,0,1,4
akshithasriraman,murgatroid99,20170,1.0,0.89,16,1,0,0,1,12
akshithasriraman,pepperkick,20170,1.0,1.0,8,0,0,0,1,7
akshithasriraman,stephenplusplus,20170,1.0,1.0,5,0,1,0,1,6
alefallas,googlebot,20170,1.0,1.0,2,0,2,0,1,3
alefallas,grpc-kokoro,20170,1.0,1.0,17,0,17,0,1,18
alefallas,mehrdada,20170,1.0,1.0,0,0,0,0,1,2
aleks-pulseid,dysosmus,20170,1.0,1.0,1,0,0,0,1,2
aleks-pulseid,marcelcorso,20170,1.0,1.0,2,0,0,0,1,3
aleks-pulseid,skormel,20170,1.0,1.0,2,0,0,0,1,3
aleks-pulseid,stanley-cheung,20170,1.0,0.6,3,0,0,0,1,6
alenkacz,googlebot,20170,1.0,1.0,2,0,2,0,1,3
alenkacz,grpc-kokoro,20170,1.0,1.0,14,0,14,0,1,16
alenkacz,y-zeng,20170,1.0,1.0,1,0,1,0,1,4
alex88,gaurgs,20170,1.0,1.0,1,0,0,0,1,2
alex88,isasameasb,20170,1.0,1.0,1,0,0,0,1,2
alexcpn,ctiller,20170,1.0,1.0,1,0,0,0,1,3
alexf91,assiotis,20170,0.8,1.0,3,0,0,0,1,6
alexf91,dgn,20170,0.8,1.0,3,0,0,0,1,6
alexf91,egoldschmidt,20170,0.8,1.0,6,0,0,0,1,7
alexf91,kernelpig,20170,0.8,1.0,4,1,1,0,1,7
alexf91,mehrdada,20170,0.8,1.0,9,0,0,0,1,8
alexf91,nathanielmanistaatgoogle,20170,0.8,0.83,12,3,2,1,1,11
alexf91,nicolasnoble,20170,0.8,1.0,3,0,0,0,1,6
alexf91,scottbez1,20170,0.8,1.0,3,0,0,0,1,6
alexf91,sofo23,20170,0.8,1.0,4,1,1,0,1,7
alexf91,spielmannj,20170,0.8,1.0,3,0,0,0,1,6
alexf91,timmyzaid,20170,0.8,1.0,12,0,0,0,1,9
alexodus,Olical,20170,0.75,1.0,6,0,0,0,1,6
alexodus,blerest,20170,0.75,1.0,3,0,0,0,1,5
alexodus,jayantkolhe,20170,0.75,1.0,3,0,0,0,1,5
alexodus,jboeuf,20170,0.75,0.8,11,5,0,2,1,14
alexodus,maxkondr,20170,0.75,0.83,13,1,0,1,1,10
alileza,amitripshtos,20170,1.0,1.0,1,0,0,0,1,2
alileza,jkryanchou,20170,1.0,1.0,3,0,0,0,1,5
allquixotic,Aneurin,20170,1.0,1.0,1,0,1,0,1,2
allquixotic,donalmacc,20170,1.0,1.0,1,0,1,0,1,2
allquixotic,jtattermusch,20170,1.0,1.0,0,0,0,0,1,3
amarcionek,johnco3,20170,1.0,1.0,1,0,0,0,1,3
amarcionek,jtattermusch,20170,1.0,0.0,0,1,0,0,1,3
amarcionek,mike07026,20170,1.0,1.0,2,0,0,0,1,4
amarcionek,yang-g,20170,1.0,0.0,0,1,0,0,1,3
ambarc,divsbhalala,20170,1.0,1.0,1,0,0,0,1,2
ambasta,grpc-kokoro,20170,1.0,1.0,0,0,0,0,1,3
ambasta,jtattermusch,20170,1.0,1.0,2,0,0,0,1,3
amerry,KindDragon,20170,1.0,1.0,1,0,0,0,1,3
amerry,jtattermusch,20170,1.0,1.0,1,0,0,0,1,3
amirharati,RomanYankovsky,20170,1.0,0.0,0,1,0,0,1,2
amirharati,ctiller,20170,1.0,1.0,1,0,1,0,1,4
amirharati,hsaliak,20170,1.0,1.0,0,0,0,0,1,2
amirharati,murgatroid99,20170,1.0,0.89,0,1,0,0,1,10
amirharati,pepperkick,20170,1.0,1.0,0,0,0,0,1,5
amirharati,stephenplusplus,20170,1.0,1.0,1,0,1,0,1,4
amit777,murgatroid99,20170,1.0,1.0,0,0,0,0,1,2
amitripshtos,jkryanchou,20170,1.0,1.0,3,0,0,0,1,5
amitripshtos,murgatroid99,20170,1.0,1.0,1,0,0,0,1,2
amitripshtos,tracker1,20170,1.0,1.0,1,0,0,0,1,2
amitwaisel,jtattermusch,20170,0.5,1.0,0,0,0,0,1,7
amoldeshpande,ncteisen,20170,1.0,1.0,2,0,2,0,1,4
andreacalia,MaxDesiatov,20170,1.0,1.0,1,0,0,0,1,3
andreacalia,eljefedelrodeodeljefe,20170,1.0,1.0,1,0,0,0,1,3
andreacalia,ernie,20170,1.0,1.0,1,0,0,0,1,3
andreacalia,hsaliak,20170,1.0,1.0,2,0,1,0,1,4
andreacalia,kpayson64,20170,1.0,0.0,0,1,0,0,1,3
andresiraola,Retik,20170,1.0,1.0,1,0,0,0,1,2
andresiraola,jozefizso,20170,1.0,1.0,1,0,0,0,1,2
andresiraola,jtattermusch,20170,1.0,1.0,2,0,0,0,1,3
andresiraola,murgatroid99,20170,0.0,0.5,1,0,0,1,1,3
anilmaddala,ncteisen,20170,1.0,1.0,0,0,0,0,1,2
aniongithub,byronyi,20170,0.0,1.0,0,0,0,0,1,2
aniongithub,neundorf,20170,0.0,1.0,0,0,0,0,1,3
anotherminh,apolcyn,20170,1.0,1.0,2,0,0,0,1,4
anuraaga,wenbozhu,20170,1.0,1.0,2,0,0,0,1,3
apolcyn,Develkone,20170,1.0,1.0,3,0,0,0,2,5
apolcyn,JasonLunn,20170,1.0,0.75,6,0,0,0,1,6
apolcyn,MedAnd,20170,1.0,0.8,4,0,0,0,1,6
apolcyn,Op3n4M3,20170,0.95,0.934,21,1,0,0,5,23
apolcyn,RedL0tus,20170,1.0,1.0,2,0,0,0,1,3
apolcyn,Simonot,20170,0.6699999999999999,0.83,15,3,1,2,1,12
apolcyn,aquinofb,20170,1.0,1.0,1,0,1,0,1,2
apolcyn,augustoroman,20170,1.0,1.0,1,0,1,0,1,2
apolcyn,blowmage,20170,0.25,1.0,1,1,0,0,2,5
apolcyn,bmclean,20170,0.6699999999999999,1.0,4,0,0,0,1,7
apolcyn,bobbytables,20170,1.0,1.0,1,0,0,0,1,2
apolcyn,brodock,20170,0.86,1.0,10,0,0,0,1,9
apolcyn,carl-mastrangelo,20170,1.0,1.0,1,0,0,0,1,2
apolcyn,ctiller,20170,0.992,0.9,35,0,0,0,10,46
apolcyn,davissp14,20170,1.0,0.8049999999999999,27,1,1,0,2,21
apolcyn,dazuma,20170,1.0,1.0,3,0,0,0,2,5
apolcyn,dgquintas,20170,0.9757575757575758,1.0,139,1,0,0,33,138
apolcyn,ejona86,20170,0.8666666666666667,0.8333333333333334,6,0,0,0,3,12
apolcyn,emmenlau,20170,1.0,1.0,1,0,0,0,1,2
apolcyn,ericgribkoff,20170,0.875,0.9375,18,0,0,0,8,27
apolcyn,ernie,20170,1.0,1.0,0,0,0,0,1,3
apolcyn,godfat,20170,0.6699999999999999,0.0,2,0,0,2,1,7
apolcyn,googlebot,20170,0.9883333333333332,0.945,3,2,3,0,6,34
apolcyn,grpc-kokoro,20170,0.9772413793103448,1.0,192,14,83,0,29,228
apolcyn,grpc-testing,20170,0.9885714285714284,1.0,152,0,2,0,7,52
apolcyn,honglyua,20170,0.6699999999999999,1.0,4,0,0,0,1,7
apolcyn,jacobvosmaer,20170,0.8433333333333333,1.0,32,3,1,0,3,27
apolcyn,jboeuf,20170,1.0,0.89,20,0,2,0,3,16
apolcyn,jrun,20170,1.0,1.0,4,0,1,0,1,6
apolcyn,jskeet,20170,1.0,1.0,2,0,0,0,1,4
apolcyn,jtattermusch,20170,0.9548387096774194,0.9622580645161288,110,0,1,0,31,130
apolcyn,kpayson64,20170,1.0,1.0,8,0,0,0,4,13
apolcyn,lyuxuan,20170,1.0,1.0,7,0,0,0,2,9
apolcyn,makdharma,20170,1.0,0.8888888888888888,13,0,0,0,9,23
apolcyn,markdroth,20170,0.8214285714285714,0.9714285714285714,32,6,4,0,7,38
apolcyn,matt-kwong,20170,0.9840000000000001,1.0,16,0,0,0,5,24
apolcyn,mehrdada,20170,1.0,1.0,3,0,0,0,1,4
apolcyn,mtoribio,20170,0.0,1.0,0,0,0,0,1,2
apolcyn,murgatroid99,20170,0.8778947368421053,0.986842105263158,59,0,0,1,19,74
apolcyn,muxi,20170,0.8683333333333333,1.0,13,1,0,0,12,30
apolcyn,nathanielmanistaatgoogle,20170,1.0,1.0,26,0,0,0,11,35
apolcyn,naveensinghal,20170,1.0,1.0,0,0,0,0,1,3
apolcyn,ncteisen,20170,0.75,1.0,3,0,0,0,4,8
apolcyn,neuecc,20170,1.0,1.0,1,0,0,0,1,2
apolcyn,newtonapple,20170,1.0,0.6699999999999999,0,1,0,0,1,4
apolcyn,nguyenquangminh0711,20170,0.5,1.0,0,2,0,0,1,4
apolcyn,nicolasnoble,20170,1.0,1.0,32,0,0,0,5,22
apolcyn,pglombardo,20170,0.86,1.0,10,0,0,0,1,9
apolcyn,rafaelsales,20170,0.0,1.0,0,0,0,0,1,2
apolcyn,samphippen,20170,0.0,1.0,0,1,0,0,1,3
apolcyn,silberjan,20170,1.0,1.0,1,0,0,0,1,3
apolcyn,soltanmm-google,20170,1.0,1.0,2,0,0,0,2,4
apolcyn,sreecha,20170,1.0,1.0,10,0,0,0,1,7
apolcyn,stanhu,20170,0.6699999999999999,1.0,8,0,0,0,1,8
apolcyn,stanley-cheung,20170,1.0,1.0,10,0,0,0,1,11
apolcyn,teodor-pripoae,20170,1.0,1.0,4,0,0,0,1,4
apolcyn,tonobo,20170,0.7766666666666667,0.8666666666666667,9,0,0,4,3,14
apolcyn,twk3,20170,0.875,1.0,5,0,0,0,2,8
apolcyn,varshanbp,20170,1.0,1.0,4,0,0,0,1,5
apolcyn,vjpai,20170,1.0,0.6666666666666666,7,0,0,0,3,11
apolcyn,volgorean,20170,1.0,1.0,0,0,0,0,1,2
apolcyn,y-zeng,20170,1.0,1.0,7,0,0,0,5,15
apolcyn,yancl,20170,1.0,1.0,0,0,0,0,1,2
apolcyn,yang-g,20170,0.65,1.0,3,2,0,0,4,14
apolcyn,yugui,20170,1.0,1.0,3,0,3,0,1,5
aquinofb,googlebot,20170,1.0,1.0,2,0,2,0,1,3
aquinofb,grpc-kokoro,20170,1.0,1.0,17,0,17,0,1,18
ariolaclint,balakrishnaITPC,20170,1.0,1.0,1,0,0,0,1,2
arsanious,DVLP,20170,1.0,1.0,1,0,0,0,1,2
arsanious,sfrisch,20170,1.0,1.0,1,0,0,0,1,2
arthur-tacca,ncteisen,20170,0.0,1.0,0,0,0,0,1,3
asinha08,danamajid,20170,1.0,1.0,1,0,0,0,1,2
asinha08,murgatroid99,20170,1.0,1.0,1,0,0,0,1,2
asinha08,ychen11,20170,1.0,1.0,1,0,0,0,1,2
assaf-xm,murgatroid99,20170,0.5,1.0,0,0,0,0,2,6
assiotis,dgn,20170,1.0,1.0,1,0,0,0,1,2
assiotis,egoldschmidt,20170,1.0,1.0,2,0,0,0,1,3
assiotis,kernelpig,20170,1.0,1.0,1,0,0,0,1,3
assiotis,mehrdada,20170,1.0,1.0,3,0,0,0,1,4
assiotis,nathanielmanistaatgoogle,20170,1.0,0.83,3,0,0,0,1,7
assiotis,nicolasnoble,20170,1.0,1.0,1,0,0,0,1,2
assiotis,scottbez1,20170,1.0,1.0,1,0,0,0,1,2
assiotis,sofo23,20170,1.0,1.0,1,0,0,0,1,3
assiotis,spielmannj,20170,1.0,1.0,1,0,0,0,1,2
assiotis,timmyzaid,20170,1.0,1.0,4,0,0,0,1,5
atian25,geekdada,20170,0.9,1.0,6,0,0,0,2,10
atian25,markdroth,20170,0.8,0.5,5,0,0,1,1,7
atian25,murgatroid99,20170,0.9,0.775,19,2,0,1,2,17
augustoroman,googlebot,20170,1.0,0.6699999999999999,1,1,1,0,1,4
augustoroman,grpc-kokoro,20170,1.0,1.0,18,0,18,0,1,19
augustoroman,grpc-testing,20170,1.0,1.0,2,0,2,0,1,3
augustoroman,jboeuf,20170,1.0,1.0,2,0,2,0,1,3
austinpagan,nicolasnoble,20170,1.0,0.0,0,1,0,0,1,3
axy323,grpc-kokoro,20170,1.0,1.0,0,0,0,0,1,2
axy323,makdharma,20170,1.0,1.0,0,0,0,0,1,2
baconalot,kevin-wright,20170,1.0,1.0,3,0,0,0,1,4
baconalot,kpayson64,20170,1.0,1.0,1,0,0,0,1,2
baconalot,mwes,20170,1.0,1.0,0,0,0,0,1,2
baconalot,nathanielmanistaatgoogle,20170,1.0,1.0,1,0,0,0,1,2
baibaichen,fjcalzado,20170,1.0,1.0,0,0,0,0,1,3
baronfel,jskeet,20170,1.0,1.0,0,0,0,0,1,2
baronfel,jtattermusch,20170,1.0,1.0,3,0,0,0,1,4
barroca,blakeday,20170,1.0,1.0,0,0,0,0,1,2
barroca,ejona86,20170,1.0,1.0,1,0,0,0,1,2
barroca,legendpeng,20170,1.0,1.0,0,0,0,0,1,2
barroca,lukaszx0,20170,1.0,0.0,0,0,0,0,1,2
barroca,zhangkun83,20170,1.0,1.0,1,0,0,0,1,2
bc-lee,googlebot,20170,1.0,1.0,2,0,2,0,1,3
bc-lee,grpc-kokoro,20170,1.0,1.0,16,0,16,0,1,17
bc-lee,jtattermusch,20170,1.0,1.0,1,0,1,0,1,4
bellaj,sdiachenko,20170,1.0,1.0,0,0,0,0,1,2
bennuttall,kpayson64,20170,1.0,1.0,1,0,0,0,1,2
bentucker,googlebot,20170,1.0,1.0,3,0,2,0,1,5
bentucker,grpc-kokoro,20170,1.0,1.0,14,0,14,0,1,16
bentucker,nathanielmanistaatgoogle,20170,1.0,1.0,5,0,1,0,1,6
bgrant0607,caniszczyk,20170,1.0,1.0,1,0,0,0,1,2
bgrant0607,jtattermusch,20170,1.0,1.0,4,0,0,0,1,5
bharathsjois,victorlin0,20170,0.0,1.0,0,0,0,0,1,2
bharathsjois,vish74,20170,0.0,1.0,0,4,0,0,1,7
bhkeys,Blanen,20170,1.0,1.0,0,0,0,0,1,3
bhkeys,Disturbing,20170,1.0,0.8,1,1,1,0,1,6
bhkeys,bkeys,20170,1.0,1.0,0,0,0,0,1,2
bhkeys,g-ericso,20170,1.0,1.0,0,0,0,0,1,2
bhkeys,vjpai,20170,1.0,1.0,0,0,0,0,1,2
bhs,joeblubaugh,20170,1.0,1.0,2,0,2,0,1,4
bhs,nathanielmanistaatgoogle,20170,1.0,1.0,1,0,1,0,1,3
bhs,rnburn,20170,1.0,1.0,6,0,1,0,1,8
bhs,tedsuo,20170,1.0,1.0,2,0,0,0,1,4
bkeys,Blanen,20170,1.0,1.0,2,0,0,0,1,3
bkeys,Disturbing,20170,1.0,0.8,3,0,0,0,1,6
bkeys,g-ericso,20170,1.0,1.0,1,0,0,0,1,2
bkeys,vjpai,20170,1.0,1.0,1,0,0,0,1,2
blakeday,ejona86,20170,1.0,1.0,0,0,0,0,1,2
blakeday,legendpeng,20170,1.0,1.0,1,0,1,0,1,2
blakeday,lukaszx0,20170,1.0,0.0,0,1,0,0,1,2
blakeday,zhangkun83,20170,1.0,1.0,0,0,0,0,1,2
blerest,Olical,20170,1.0,1.0,2,0,0,0,1,3
blerest,cyberflohr,20170,1.0,1.0,1,0,1,0,1,2
blerest,jayantkolhe,20170,1.0,1.0,1,0,0,0,1,2
blerest,jboeuf,20170,1.0,0.9,5,0,2,0,2,18
blerest,jtattermusch,20170,1.0,1.0,0,0,0,0,1,2
blerest,maxkondr,20170,1.0,0.83,4,0,0,0,1,7
blerest,murgatroid99,20170,1.0,1.0,0,0,0,0,1,2
blerest,sackio,20170,1.0,1.0,1,0,1,0,1,2
blodan,No9,20170,1.0,1.0,1,0,1,0,1,3
blodan,leodesigner,20170,1.0,1.0,1,0,0,0,1,3
blodan,xorander00,20170,1.0,1.0,1,0,1,0,1,3
blowmage,murgatroid99,20170,1.0,0.75,0,1,0,0,1,5
blowmage,samphippen,20170,1.0,1.0,1,0,1,0,1,3
bmclean,godfat,20170,1.0,0.0,0,0,0,0,1,2
bmclean,honglyua,20170,1.0,1.0,1,0,0,0,1,2
bmclean,jacobvosmaer,20170,1.0,1.0,3,0,0,0,1,5
bmclean,stanhu,20170,1.0,1.0,2,0,0,0,1,3
bobbytables,murgatroid99,20170,1.0,1.0,1,0,0,0,1,2
bobbytables,yancl,20170,1.0,1.0,0,0,0,0,1,2
bobobo1618,nicolasnoble,20170,0.0,0.5,1,0,0,1,1,3
bogdandrutu,ctiller,20170,1.0,1.0,3,0,0,0,1,4
bogdandrutu,dgquintas,20170,1.0,1.0,9,0,0,0,1,6
bogdandrutu,grpc-kokoro,20170,1.0,1.0,15,0,0,0,1,8
boneskull,grpc-kokoro,20170,1.0,1.0,0,0,0,0,1,18
boschb,Rikorose,20170,1.0,1.0,1,0,0,0,1,2
boschb,mehrdada,20170,1.0,1.0,1,0,0,0,1,2
boschb,patricia93sousa,20170,1.0,1.0,1,0,0,0,1,2
bradmwalker,revmischa,20170,1.0,1.0,1,0,0,0,1,2
brodock,jacobvosmaer,20170,1.0,1.0,6,0,0,0,1,6
brodock,pglombardo,20170,1.0,1.0,4,0,0,0,1,4
bryanrideshark,chadbr,20170,1.0,1.0,1,0,0,0,1,3
bryanrideshark,kondi,20170,1.0,1.0,1,0,0,0,1,3
bryanrideshark,xogeny,20170,1.0,0.0,0,1,0,0,1,3
bsegault,mehrdada,20170,1.0,1.0,1,0,1,0,1,3
bsegault,yang-g,20170,1.0,1.0,0,0,0,0,1,2
bwknight877,googlebot,20170,1.0,1.0,0,0,0,0,1,2
bwknight877,grpc-kokoro,20170,1.0,1.0,0,0,0,0,1,18
bwknight877,murgatroid99,20170,1.0,1.0,1,0,0,0,1,2
byronyi,neundorf,20170,1.0,1.0,2,0,0,0,1,3
c-bb,dgquintas,20170,1.0,1.0,8,0,8,0,1,9
c-bb,jtattermusch,20170,1.0,1.0,0,0,0,0,1,3
c-bb,vadimi,20170,1.0,1.0,0,0,0,0,1,3
c3s4r,goodmind,20170,0.0,1.0,0,0,0,0,1,2
c3s4r,jhspaybar,20170,0.0,1.0,0,0,0,0,1,3
camsjams,murgatroid99,20170,1.0,1.0,3,0,0,0,1,5
camsjams,unbornchikken,20170,1.0,1.0,1,0,1,0,1,3
caniszczyk,grpc-kokoro,20170,1.0,1.0,18,0,18,0,1,19
caniszczyk,jtattermusch,20170,1.0,1.0,6,0,0,0,3,10
carl-mastrangelo,ctiller,20170,1.0,1.0,1,0,0,0,1,2
carl-mastrangelo,grpc-kokoro,20170,1.0,1.0,0,0,0,0,1,3
carl-mastrangelo,markdroth,20170,1.0,1.0,0,0,0,0,1,2
carl-mastrangelo,neuecc,20170,1.0,1.0,1,0,0,0,1,2
casesandberg,jcvernaleo,20170,1.0,1.0,1,0,0,0,1,2
casesandberg,murgatroid99,20170,1.0,1.0,2,0,0,0,1,3
cbornet,ctiller,20170,0.75,0.33,5,0,0,2,1,7
cbornet,jroper,20170,0.75,0.0,1,0,0,1,1,5
chadbr,kondi,20170,1.0,1.0,1,0,0,0,1,2
chadbr,xogeny,20170,1.0,0.0,0,0,0,0,1,2
chakpongchung,LeTranAnhVu,20170,1.0,1.0,0,0,0,0,1,2
chakpongchung,mehrdada,20170,1.0,1.0,1,0,0,0,1,2
chakpongchung,ncteisen,20170,1.0,1.0,1,0,0,0,1,2
chakpongchung,nicolasnoble,20170,1.0,1.0,1,0,0,0,1,2
chakpongchung,valorcurse,20170,1.0,1.0,1,0,0,0,1,2
charyorde,nathanielmanistaatgoogle,20170,1.0,1.0,0,0,0,0,1,3
chensunny,stanley-cheung,20170,1.0,1.0,3,0,0,0,1,4
chensunny,yzaptx,20170,1.0,1.0,2,0,0,0,1,3
cheung-chifung,nathanielmanistaatgoogle,20170,1.0,0.89,7,0,0,0,1,10
cheung-chifung,nicolasnoble,20170,1.0,0.0,0,0,0,0,1,2
cheung-chifung,nirenrc,20170,1.0,0.0,0,0,0,0,1,2
cheung-chifung,stevec2810,20170,1.0,0.81,12,0,0,0,1,17
chwarr,vjpai,20170,0.0,0.0,1,0,0,1,1,2
cirocosta,ctiller,20170,0.0,0.6699999999999999,1,1,0,1,1,4
cirocosta,joneepenk,20170,0.0,0.6699999999999999,1,1,0,1,1,4
connor4312,murgatroid99,20170,1.0,1.0,1,0,0,0,1,2
costrouc,heri16,20170,0.0,1.0,0,0,0,0,1,2
costrouc,pokidovea,20170,0.0,1.0,0,0,0,0,1,2
costrouc,seglberg,20170,0.0,0.5,1,0,0,1,1,3
cristianbica,fabware,20170,1.0,1.0,0,0,0,0,1,4
cristianbica,jcanizales,20170,1.0,1.0,3,0,0,0,1,4
cristianbica,muxi,20170,1.0,1.0,3,0,0,0,1,5
cristianbica,swfeng,20170,1.0,0.0,0,0,0,0,1,4
croachrose,mehrdada,20170,1.0,1.0,21,0,3,0,1,13
croachrose,nathanielmanistaatgoogle,20170,1.0,1.0,12,0,0,0,1,9
ctiller,DavadDi,20170,0.0,1.0,0,0,0,0,1,2
ctiller,Hronom,20170,1.0,1.0,1,0,0,0,1,2
ctiller,Hujun,20170,1.0,1.0,1,0,0,0,1,2
ctiller,Jacksgong,20170,1.0,1.0,1,0,0,0,1,2
ctiller,MakMukhi,20170,1.0,1.0,8,0,0,0,3,11
ctiller,RomanYankovsky,20170,1.0,0.0,0,1,0,0,1,4
ctiller,Shizmob,20170,1.0,1.0,2,0,0,0,1,3
ctiller,TooTallNate,20170,1.0,1.0,2,0,0,0,1,3
ctiller,daniel-j-born,20170,1.0,1.0,2,0,0,0,1,3
ctiller,dgquintas,20170,0.9185185185185184,0.9351851851851852,136,3,1,6,27,126
ctiller,eduherminio,20170,1.0,1.0,2,0,0,0,1,3
ctiller,ejona86,20170,1.0,1.0,2,0,1,0,2,6
ctiller,electronjoe,20170,1.0,1.0,3,0,0,0,1,4
ctiller,emilio,20170,1.0,0.0,0,1,0,0,1,3
ctiller,emmenlau,20170,1.0,1.0,2,0,0,0,1,4
ctiller,ericgribkoff,20170,0.6666666666666666,1.0,1,2,0,0,3,8
ctiller,fengli79,20170,1.0,1.0,1,0,0,0,1,2
ctiller,ghost,20170,0.0,1.0,0,1,0,0,1,2
ctiller,googlebot,20170,0.875,0.5,1,2,1,0,8,32
ctiller,grpc-kokoro,20170,0.942625,1.0,792,29,20,0,80,599
ctiller,grpc-testing,20170,0.8809523809523809,1.0,79,2,0,0,21,104
ctiller,haorenfsa,20170,1.0,1.0,2,0,0,0,1,3
ctiller,heri16,20170,1.0,1.0,1,0,0,0,1,2
ctiller,hsaliak,20170,1.0,1.0,2,0,0,0,1,4
ctiller,htuch,20170,1.0,1.0,9,0,0,0,1,7
ctiller,ipylypiv,20170,0.83,1.0,12,0,0,0,1,9
ctiller,jboeuf,20170,1.0,0.5,2,0,0,0,2,5
ctiller,jeady,20170,1.0,1.0,2,0,0,0,1,3
ctiller,jhseu,20170,1.0,1.0,4,0,0,0,2,7
ctiller,joneepenk,20170,0.6699999999999999,0.6699999999999999,3,2,1,1,1,6
ctiller,jroper,20170,0.33,0.0,2,0,0,2,1,4
ctiller,jskeet,20170,0.0,1.0,0,1,0,0,1,4
ctiller,jtattermusch,20170,0.7113333333333334,0.7693333333333333,34,1,0,4,15,55
ctiller,kahuang,20170,1.0,1.0,2,0,0,0,1,3
ctiller,kkimdev,20170,1.0,1.0,3,0,0,0,1,5
ctiller,kpayson64,20170,0.9285714285714286,0.8571428571428571,19,0,2,1,7,29
ctiller,lyuxuan,20170,1.0,1.0,22,0,0,0,9,30
ctiller,makdharma,20170,1.0,1.0,6,0,0,0,4,10
ctiller,markdroth,20170,0.9428571428571428,0.7057142857142857,41,3,0,4,21,78
ctiller,mastergberry,20170,1.0,1.0,2,0,0,0,1,3
ctiller,matt-kwong,20170,0.9113333333333332,0.9333333333333332,21,2,1,0,15,45
ctiller,mehrdada,20170,1.0,0.875,5,0,0,0,4,10
ctiller,mnunberg,20170,0.0,0.0,1,0,0,1,1,2
ctiller,mpwarres,20170,1.0,1.0,1,0,1,0,1,4
ctiller,multilobyte,20170,0.0,1.0,0,1,0,0,1,3
ctiller,murgatroid99,20170,0.8,0.978,19,1,0,0,5,20
ctiller,muxi,20170,0.875,1.0,33,0,0,0,4,28
ctiller,nathanielmanistaatgoogle,20170,1.0,0.6428571428571429,11,2,0,0,7,25
ctiller,ncteisen,20170,1.0,0.95875,66,0,0,0,16,66
ctiller,neuecc,20170,1.0,1.0,1,0,0,0,1,2
ctiller,nicolasnoble,20170,0.7113333333333334,0.8446666666666667,32,0,1,3,15,51
ctiller,osadalakmal,20170,1.0,1.0,1,0,0,0,1,2
ctiller,pepperkick,20170,1.0,1.0,8,0,0,0,1,7
ctiller,pmarks-net,20170,0.0,1.0,0,0,0,0,1,3
ctiller,qiuxd,20170,1.0,0.25,2,0,0,0,2,6
ctiller,ramurti,20170,1.0,1.0,0,0,0,0,1,2
ctiller,rjshade,20170,0.5,1.0,1,0,0,0,2,4
ctiller,rxbynerd,20170,1.0,0.0,0,0,0,0,1,3
ctiller,soltanmm-google,20170,1.0,1.0,4,0,0,0,2,6
ctiller,sreecha,20170,0.9642857142857144,1.0,29,0,0,0,14,42
ctiller,stanley-cheung,20170,1.0,1.0,1,0,0,0,1,2
ctiller,stefanopiovesan,20170,0.0,1.0,0,0,0,0,1,2
ctiller,stephenplusplus,20170,1.0,1.0,5,0,1,0,1,6
ctiller,sztomi,20170,1.0,1.0,8,0,0,0,1,7
ctiller,tbillington,20170,1.0,0.875,4,1,0,0,2,8
ctiller,tgummerer,20170,1.0,0.33,1,0,0,0,1,4
ctiller,tigerlee,20170,1.0,1.0,1,0,0,0,1,2
ctiller,tudor,20170,0.0,1.0,0,0,0,0,1,2
ctiller,vjpai,20170,0.9479166666666666,0.8691666666666666,69,1,0,0,24,93
ctiller,y-zeng,20170,1.0,1.0,23,0,0,0,12,41
ctiller,yang-g,20170,0.9166666666666666,1.0,14,0,0,0,12,35
cyberflohr,Retik,20170,1.0,1.0,1,0,0,0,1,3
cyberflohr,jboeuf,20170,1.0,1.0,2,0,2,0,1,7
cyberflohr,jtattermusch,20170,1.0,1.0,0,0,0,0,1,2
cyberflohr,markdroth,20170,1.0,1.0,2,0,0,0,1,4
cyberflohr,murgatroid99,20170,1.0,1.0,0,0,0,0,1,2
cyberflohr,sackio,20170,1.0,1.0,1,0,1,0,1,2
cybersquib,nicolasnoble,20170,1.0,1.0,1,0,0,0,1,2
cysnake4713,ncteisen,20170,1.0,1.0,0,0,0,0,1,5
cysnake4713,yyh-graphsql,20170,1.0,1.0,1,0,1,0,1,4
danamajid,murgatroid99,20170,1.0,1.0,1,0,0,0,1,2
danamajid,ychen11,20170,1.0,1.0,1,0,0,0,1,2
daniel-j-born,y-zeng,20170,1.0,1.0,2,0,0,0,1,4
danieljoos,randomguy3,20170,1.0,1.0,1,0,0,0,1,2
danzh2010,grpc-kokoro,20170,1.0,1.0,48,0,42,0,2,36
danzh2010,yang-g,20170,1.0,1.0,8,0,2,0,2,12
datonli,jtattermusch,20170,1.0,1.0,1,0,0,0,1,2
datonli,nicolasnoble,20170,1.0,1.0,1,0,0,0,1,2
datonli,zhengwx11,20170,1.0,1.0,2,0,0,0,1,3
davechallis,nathanielmanistaatgoogle,20170,1.0,0.0,0,1,0,0,1,2
davissp14,jboeuf,20170,0.86,1.0,18,1,2,0,1,12
davissp14,murgatroid99,20170,0.86,1.0,4,0,0,0,1,8
dazuma,nicolasnoble,20170,1.0,1.0,2,0,0,0,1,3
dcirne,jopedroliveira,20170,1.0,1.0,1,0,0,0,1,2
dcirne,ncteisen,20170,1.0,1.0,5,0,0,0,1,6
dcirne,vjpai,20170,1.0,1.0,4,0,0,0,1,5
dcirne,yang-g,20170,1.0,1.0,2,0,0,0,1,3
dcodeIO,grpc-kokoro,20170,1.0,1.0,5,0,0,0,1,6
dcodeIO,murgatroid99,20170,1.0,0.78,7,0,0,0,1,10
dcodeIO,nicolasnoble,20170,1.0,1.0,2,0,0,0,1,3
dcodeIO,paralin,20170,1.0,0.8,3,0,0,0,1,6
dcolens,murgatroid99,20170,1.0,1.0,2,0,0,0,1,3
dehypnosis,HTChang,20170,1.0,1.0,1,0,0,0,1,2
dehypnosis,zhangtaodeveloper,20170,1.0,0.0,0,0,0,0,1,2
develra,lromor,20170,1.0,0.0,0,0,0,0,1,2
dgn,GrapeBaBa,20170,1.0,1.0,1,0,0,0,1,2
dgn,egoldschmidt,20170,1.0,1.0,2,0,0,0,1,3
dgn,ewang,20170,1.0,1.0,1,0,0,0,1,2
dgn,kernelpig,20170,1.0,1.0,1,0,0,0,1,3
dgn,mehrdada,20170,1.0,1.0,3,0,0,0,1,4
dgn,nathanielmanistaatgoogle,20170,1.0,0.915,5,0,0,0,2,10
dgn,nicolasnoble,20170,1.0,1.0,1,0,0,0,1,2
dgn,scottbez1,20170,1.0,1.0,1,0,0,0,1,2
dgn,sofo23,20170,1.0,1.0,1,0,0,0,1,3
dgn,spielmannj,20170,1.0,1.0,1,0,0,0,1,2
dgn,timmyzaid,20170,1.0,1.0,4,0,0,0,1,5
dgquintas,DPJacques,20170,1.0,1.0,1,0,0,0,1,2
dgquintas,KindDragon,20170,1.0,1.0,3,0,0,0,1,4
dgquintas,Vizerai,20170,1.0,1.0,4,0,0,0,1,4
dgquintas,ejona86,20170,1.0,1.0,9,0,1,0,5,13
dgquintas,ericgribkoff,20170,1.0,1.0,7,0,0,0,6,15
dgquintas,feverzsj,20170,1.0,1.0,1,0,0,0,1,2
dgquintas,ghost,20170,0.75,0.5,10,6,2,4,1,12
dgquintas,googlebot,20170,1.0,0.5,1,0,1,0,2,7
dgquintas,grpc-kokoro,20170,0.9792307692307692,1.0,280,3,6,0,52,293
dgquintas,grpc-testing,20170,0.8863636363636364,1.0,48,0,0,0,11,55
dgquintas,hsaliak,20170,1.0,0.0,0,0,0,0,1,2
dgquintas,htuch,20170,1.0,1.0,10,0,0,0,1,8
dgquintas,jboeuf,20170,1.0,0.88,20,0,1,0,9,42
dgquintas,jhseu,20170,1.0,1.0,1,0,0,0,1,2
dgquintas,jtattermusch,20170,0.9444444444444444,0.9722222222222222,98,0,0,0,36,128
dgquintas,kcc,20170,1.0,1.0,4,0,0,0,1,5
dgquintas,kolmodin,20170,1.0,1.0,1,0,0,0,1,4
dgquintas,korovkin,20170,1.0,1.0,1,0,1,0,1,2
dgquintas,kpayson64,20170,0.6666666666666666,1.0,8,0,0,0,3,14
dgquintas,leragequit,20170,1.0,1.0,3,0,1,0,1,5
dgquintas,lyuxuan,20170,1.0,1.0,12,0,0,0,3,16
dgquintas,makdharma,20170,0.98,0.975,23,1,0,1,10,31
dgquintas,markdroth,20170,0.9625,0.8560000000000001,83,22,6,15,20,100
dgquintas,matt-kwong,20170,0.8,0.917,11,0,0,1,10,27
dgquintas,murgatroid99,20170,0.8815789473684209,1.0,44,0,0,0,19,70
dgquintas,muxi,20170,1.0,1.0,38,0,0,0,15,50
dgquintas,nathanielmanistaatgoogle,20170,0.96875,1.0,48,0,0,0,16,61
dgquintas,ncteisen,20170,1.0,1.0,4,0,0,0,2,6
dgquintas,nicolasnoble,20170,0.91,1.0,8,0,0,0,5,19
dgquintas,public,20170,1.0,1.0,1,0,0,0,1,2
dgquintas,rajnkamr,20170,1.0,1.0,2,0,0,0,1,3
dgquintas,rjshade,20170,1.0,1.0,1,0,0,0,1,2
dgquintas,soltanmm-google,20170,1.0,1.0,1,0,0,0,1,2
dgquintas,sreecha,20170,1.0,1.0,22,0,0,0,5,27
dgquintas,stanley-cheung,20170,0.6666666666666666,1.0,48,0,0,0,3,27
dgquintas,targetnull,20170,1.0,1.0,0,0,0,0,1,2
dgquintas,trimbo,20170,1.0,1.0,1,0,0,0,1,3
dgquintas,umegaya,20170,1.0,1.0,0,0,0,0,1,2
dgquintas,vadimi,20170,1.0,1.0,3,0,0,0,1,8
dgquintas,vjpai,20170,0.84375,0.8574999999999999,31,2,0,1,8,41
dgquintas,y-zeng,20170,1.0,1.0,9,0,2,0,5,16
dgquintas,yang-g,20170,1.0,0.8888888888888888,22,0,0,0,9,33
dgquintas,zhyq0520,20170,1.0,1.0,1,0,1,0,1,3
dibyendumajumdar,jtattermusch,20170,0.6699999999999999,0.8,5,1,0,1,1,8
dibyendumajumdar,peterwishart,20170,0.6699999999999999,1.0,1,0,0,0,1,4
donalmacc,jtattermusch,20170,1.0,1.0,0,0,0,0,1,3
dreamyzhang,nathanielmanistaatgoogle,20170,0.75,1.0,12,0,0,0,1,8
drobertduke,googlebot,20170,1.0,1.0,0,0,0,0,1,2
drobertduke,grpc-kokoro,20170,1.0,1.0,0,0,0,0,2,36
drobertduke,grpc-testing,20170,1.0,1.0,0,0,0,0,1,6
drobertduke,jhspaybar,20170,1.0,1.0,4,0,0,0,1,5
drobertduke,mehrdada,20170,1.0,1.0,0,0,0,0,1,5
drobertduke,murgatroid99,20170,1.0,1.0,10,0,0,0,3,11
drobertduke,paralin,20170,1.0,1.0,1,0,0,0,1,2
drobertduke,relwell,20170,1.0,1.0,4,0,0,0,1,5
drobertduke,rnburn,20170,1.0,1.0,4,0,0,0,1,5
dutor,mehrdada,20170,1.0,1.0,0,0,0,0,1,2
dvyukov,grpc-kokoro,20170,1.0,1.0,2,0,0,0,1,3
dvyukov,sreecha,20170,1.0,1.0,1,0,0,0,1,2
dwforbes,googlebot,20170,1.0,1.0,2,0,2,0,1,3
dwforbes,grpc-kokoro,20170,1.0,1.0,6,0,6,0,1,7
dwforbes,grpc-testing,20170,1.0,1.0,9,0,9,0,1,10
dysosmus,marcelcorso,20170,1.0,1.0,2,0,0,0,1,3
dysosmus,skormel,20170,1.0,1.0,2,0,0,0,1,3
dysosmus,stanley-cheung,20170,1.0,0.6,3,0,0,0,1,6
dzbarsky,jboeuf,20170,1.0,1.0,0,0,0,0,1,2
dzbarsky,kpayson64,20170,0.5,1.0,1,0,0,0,2,5
dzbarsky,nathanielmanistaatgoogle,20170,0.5,1.0,1,0,0,0,2,6
dzenanz,ghost,20170,1.0,1.0,0,0,0,0,1,3
dzenanz,jtattermusch,20170,0.6666666666666666,1.0,7,0,0,0,3,9
dzenanz,lighta,20170,1.0,1.0,2,0,0,0,1,3
dzenanz,mbrucher,20170,1.0,1.0,1,0,0,0,1,2
dzenanz,nicolasnoble,20170,1.0,1.0,1,0,0,0,1,2
dzoba,murgatroid99,20170,1.0,1.0,1,0,0,0,1,2
dzoba,prescottprue,20170,1.0,1.0,1,0,0,0,1,2
eXeDK,kondi,20170,1.0,1.0,1,0,0,0,1,2
eXeDK,paralin,20170,1.0,1.0,1,0,0,0,1,2
edoger,stanley-cheung,20170,1.0,1.0,1,0,0,0,1,2
edsonhor,mrmuli,20170,1.0,1.0,2,0,0,0,1,3
eduherminio,googlebot,20170,1.0,1.0,0,0,0,0,1,3
eduherminio,grpc-kokoro,20170,1.0,1.0,0,0,0,0,1,15
egoldschmidt,kernelpig,20170,1.0,1.0,2,0,0,0,1,4
egoldschmidt,mehrdada,20170,1.0,1.0,6,0,0,0,1,5
egoldschmidt,nathanielmanistaatgoogle,20170,1.0,0.83,6,0,0,0,1,8
egoldschmidt,nicolasnoble,20170,1.0,1.0,2,0,0,0,1,3
egoldschmidt,scottbez1,20170,1.0,1.0,2,0,0,0,1,3
egoldschmidt,sofo23,20170,1.0,1.0,2,0,0,0,1,4
egoldschmidt,spielmannj,20170,1.0,1.0,2,0,0,0,1,3
egoldschmidt,timmyzaid,20170,1.0,1.0,8,0,0,0,1,6
ejona86,Retik,20170,1.0,0.0,0,0,0,0,1,2
ejona86,Slonegg,20170,1.0,0.0,0,1,0,0,1,5
ejona86,ericgribkoff,20170,1.0,1.0,2,0,0,0,1,3
ejona86,googlebot,20170,1.0,1.0,2,0,2,0,1,4
ejona86,grahamc,20170,1.0,1.0,1,0,0,0,1,2
ejona86,grpc-kokoro,20170,1.0,1.0,14,0,14,0,1,16
ejona86,grpc-testing,20170,1.0,1.0,1,0,0,0,1,2
ejona86,jtattermusch,20170,0.75,0.75,14,0,0,1,4,23
ejona86,legendpeng,20170,1.0,1.0,0,0,0,0,1,2
ejona86,lukaszx0,20170,1.0,0.0,0,0,0,0,1,2
ejona86,murgatroid99,20170,1.0,1.0,8,0,0,0,1,6
ejona86,muxi,20170,1.0,1.0,1,0,0,0,1,2
ejona86,nathanielmanistaatgoogle,20170,1.0,1.0,3,0,0,0,1,5
ejona86,stanley-cheung,20170,1.0,1.0,20,0,0,0,1,12
ejona86,stevej,20170,1.0,1.0,3,0,0,0,1,5
ejona86,tadblack,20170,1.0,1.0,1,0,0,0,1,2
ejona86,vedant15,20170,1.0,1.0,4,0,0,0,1,6
ejona86,vjpai,20170,1.0,1.0,1,0,0,0,1,2
ejona86,yang-g,20170,1.0,1.0,4,0,0,0,2,7
ejona86,zhangkun83,20170,1.0,1.0,1,0,0,0,1,2
ekarlso,hsaliak,20170,1.0,1.0,1,0,0,0,1,2
ekarlso,kpayson64,20170,1.0,1.0,9,0,0,0,1,6
ekarlso,ncteisen,20170,1.0,1.0,1,0,0,0,1,2
ekarlso,y-zeng,20170,1.0,1.0,1,0,0,0,1,2
electronjoe,y-zeng,20170,1.0,1.0,1,0,0,0,1,4
eljefedelrodeodeljefe,MaxDesiatov,20170,1.0,1.0,1,0,0,0,1,2
eljefedelrodeodeljefe,ernie,20170,1.0,1.0,1,0,0,0,1,2
eljefedelrodeodeljefe,hsaliak,20170,1.0,1.0,1,0,0,0,1,3
eljefedelrodeodeljefe,kpayson64,20170,1.0,0.0,0,0,0,0,1,2
emilio,kkimdev,20170,0.0,1.0,0,0,0,0,1,4
emilio,tbillington,20170,0.0,0.75,1,0,0,1,1,5
emmenko,murgatroid99,20170,1.0,1.0,0,0,0,0,1,3
emmenko,stephenplusplus,20170,1.0,1.0,1,0,1,0,1,2
emmenlau,googlebot,20170,1.0,0.0,0,0,0,0,1,2
emmenlau,grpc-kokoro,20170,0.6,1.0,23,28,17,0,5,72
emmenlau,grpc-testing,20170,1.0,1.0,1,0,1,0,1,4
emmenlau,jtattermusch,20170,0.6666666666666666,0.9716666666666668,17,1,0,0,6,27
ericgribkoff,googlebot,20170,1.0,0.0,0,0,0,0,1,2
ericgribkoff,grpc-kokoro,20170,1.0,1.0,16,0,0,0,4,14
ericgribkoff,jtattermusch,20170,1.0,0.75,5,0,0,0,4,10
ericgribkoff,kpayson64,20170,1.0,1.0,3,0,0,0,2,5
ericgribkoff,makdharma,20170,1.0,1.0,7,0,0,0,6,17
ericgribkoff,matt-kwong,20170,1.0,1.0,1,0,0,0,1,4
ericgribkoff,murgatroid99,20170,1.0,1.0,11,0,0,0,5,16
ericgribkoff,muxi,20170,1.0,1.0,4,0,0,0,4,8
ericgribkoff,nathanielmanistaatgoogle,20170,1.0,1.0,3,0,0,0,3,6
ericgribkoff,ncteisen,20170,0.8333333333333334,1.0,9,1,0,0,6,17
ericgribkoff,nicolasnoble,20170,1.0,1.0,3,0,0,0,1,4
ericgribkoff,timanovsky,20170,1.0,1.0,4,0,0,0,1,4
ericgribkoff,vedant15,20170,1.0,1.0,2,0,0,0,1,5
ericgribkoff,y-zeng,20170,1.0,1.0,1,0,0,0,1,2
ericgribkoff,yang-g,20170,1.0,1.0,2,0,0,0,2,4
ernie,MaxDesiatov,20170,1.0,1.0,1,0,0,0,1,2
ernie,googlebot,20170,1.0,1.0,2,0,2,0,1,3
ernie,grpc-kokoro,20170,1.0,1.0,15,0,15,0,2,25
ernie,grpc-testing,20170,1.0,1.0,2,0,2,0,2,15
ernie,hsaliak,20170,1.0,1.0,1,0,0,0,1,3
ernie,jtattermusch,20170,1.0,1.0,3,0,0,0,1,4
ernie,kpayson64,20170,1.0,0.0,0,0,0,0,1,2
ewang,GrapeBaBa,20170,1.0,1.0,1,0,0,0,1,2
ewang,nathanielmanistaatgoogle,20170,1.0,1.0,2,0,0,0,1,3
fabware,jcanizales,20170,1.0,1.0,0,0,0,0,1,2
fabware,muxi,20170,1.0,1.0,1,0,1,0,1,3
fabware,swfeng,20170,1.0,0.0,0,1,0,0,1,2
farcaller,grpc-kokoro,20170,0.0,1.0,0,3,0,0,1,5
farcaller,jtattermusch,20170,0.0,1.0,0,0,0,0,1,2
farcaller,nicolasnoble,20170,0.0,1.0,0,0,0,0,1,2
farhan3,murgatroid99,20170,0.6699999999999999,1.0,6,0,0,0,1,6
fengli79,vjpai,20170,1.0,1.0,1,0,0,0,1,2
feverzsj,sreecha,20170,1.0,1.0,2,0,0,0,1,3
feverzsj,targetnull,20170,1.0,1.0,0,0,0,0,1,2
feverzsj,vjpai,20170,1.0,1.0,1,0,0,0,1,2
fifc,mehrdada,20170,1.0,1.0,1,0,0,0,1,2
fifc,sgleizes,20170,1.0,1.0,1,0,0,0,1,2
fjcalzado,nicolasnoble,20170,1.0,1.0,1,0,0,0,1,2
flisky,stanley-cheung,20170,1.0,0.6699999999999999,0,2,0,0,1,5
flisky,tmatsuo,20170,1.0,1.0,1,0,0,0,1,3
g-ericso,vjpai,20170,1.0,1.0,1,0,0,0,1,2
gangmax,itsmikeferrari,20170,1.0,0.0,0,1,0,0,1,2
gaurgs,isasameasb,20170,1.0,1.0,1,0,0,0,1,2
gazialankus,jtattermusch,20170,0.0,0.0,1,0,0,1,1,2
geekdada,markdroth,20170,1.0,0.5,1,0,0,0,1,3
geekdada,murgatroid99,20170,1.0,0.775,6,0,0,0,2,11
genericmoniker,kpayson64,20170,0.0,1.0,0,0,0,0,1,3
genericmoniker,timfeirg,20170,0.0,1.0,0,0,0,0,1,2
genericmoniker,tonicbupt,20170,0.0,1.0,0,0,0,0,1,4
geoffreyp,googlebot,20170,1.0,1.0,2,0,2,0,1,3
geoffreyp,grpc-kokoro,20170,1.0,1.0,14,0,14,0,1,15
geoffreyp,nicolasnoble,20170,1.0,1.0,1,0,1,0,1,2
gfernandessc,hsaliak,20170,1.0,1.0,2,0,0,0,1,3
gfernandessc,jayantkolhe,20170,1.0,1.0,2,0,0,0,1,3
gfernandessc,nathanielmanistaatgoogle,20170,1.0,1.0,6,0,0,0,1,5
gguuss,nathanielmanistaatgoogle,20170,1.0,1.0,0,0,0,0,1,3
ghost,grpc-kokoro,20170,1.0,1.0,0,0,0,0,1,3
ghost,jtattermusch,20170,1.0,1.0,0,0,0,0,1,4
ghost,lighta,20170,1.0,1.0,0,0,0,0,1,2
ghost,murgatroid99,20170,0.5,1.0,4,0,0,0,1,10
ghost,nicolasnoble,20170,0.75,0.835,2,1,0,0,2,13
gih2yun,murgatroid99,20170,1.0,1.0,2,0,0,0,1,4
gih2yun,tejasmanohar,20170,1.0,1.0,3,0,1,0,1,5
giorgioazzinnaro,JelteF,20170,1.0,1.0,1,0,0,0,1,2
giorgioazzinnaro,jboeuf,20170,1.0,1.0,1,0,0,0,1,2
giorgioazzinnaro,jtattermusch,20170,1.0,1.0,1,0,0,0,1,2
giorgioazzinnaro,ndandanov,20170,1.0,1.0,0,0,0,0,1,3
giorgioazzinnaro,nicolasnoble,20170,1.0,0.0,0,0,0,0,1,2
giorgioazzinnaro,nwoeanhinnogaehr,20170,1.0,0.0,0,0,0,0,1,2
gkelly,grpc-kokoro,20170,1.0,1.0,13,0,12,0,3,22
gkelly,grpc-testing,20170,1.0,1.0,18,0,18,0,2,21
gkelly,jtattermusch,20170,1.0,1.0,2,0,0,0,2,8
gkelly,lightyang,20170,1.0,1.0,1,0,0,0,1,2
gkelly,ncteisen,20170,1.0,1.0,2,0,1,0,2,6
gkelly,nicolasnoble,20170,1.0,1.0,3,0,0,0,1,4
gkelly,pcj,20170,1.0,1.0,1,0,0,0,1,2
godfat,honglyua,20170,0.0,1.0,0,0,0,0,1,2
godfat,jacobvosmaer,20170,0.0,1.0,0,1,0,0,1,5
godfat,stanhu,20170,0.0,1.0,0,0,0,0,1,3
goodmind,jhspaybar,20170,1.0,1.0,2,0,0,0,1,3
googlebot,Op3n4M3,20170,1.0,1.0,2,0,2,0,1,6
googlebot,RyanGordon,20170,0.0,1.0,0,1,0,0,1,5
googlebot,Shizmob,20170,1.0,1.0,0,0,0,0,1,4
googlebot,grpc-kokoro,20170,0.9101587301587302,1.0,1105,42,1103,0,63,832
googlebot,grpc-testing,20170,0.9314705882352942,1.0,256,13,256,0,34,253
googlebot,hellishfire,20170,1.0,1.0,0,0,0,0,1,3
googlebot,hsaliak,20170,1.0,1.0,0,0,0,0,1,2
googlebot,hstefan,20170,1.0,1.0,3,0,0,0,1,5
googlebot,hvardhanx,20170,1.0,0.83,1,1,1,0,1,7
googlebot,jacobvosmaer,20170,1.0,1.0,2,0,2,0,1,4
googlebot,jboeuf,20170,0.6699999999999999,1.0,2,2,2,0,1,5
googlebot,joexue,20170,1.0,1.0,2,0,2,0,2,5
googlebot,jozefizso,20170,1.0,1.0,2,0,2,0,1,3
googlebot,jtattermusch,20170,0.7272727272727273,0.9545454545454546,8,4,4,0,11,40
googlebot,kerneltime,20170,1.0,1.0,1,0,0,0,1,3
googlebot,kkishore1839,20170,1.0,1.0,1,0,0,0,1,3
googlebot,kpayson64,20170,1.0,1.0,2,0,1,0,2,8
googlebot,kprakasam,20170,1.0,1.0,2,0,2,0,1,4
googlebot,kskalski,20170,0.835,0.665,2,3,2,0,2,9
googlebot,makroiss,20170,1.0,1.0,2,0,2,0,1,7
googlebot,matt-kwong,20170,0.5,0.75,3,0,0,1,2,7
googlebot,mattheworiordan,20170,0.6699999999999999,1.0,0,0,0,0,1,4
googlebot,mehrdada,20170,1.0,0.8,5,1,5,0,5,15
googlebot,michielbdejong,20170,1.0,1.0,0,0,0,0,1,4
googlebot,mkvonarx,20170,1.0,1.0,0,0,0,0,1,3
googlebot,multilobyte,20170,1.0,1.0,2,0,2,0,1,4
googlebot,murgatroid99,20170,0.7411111111111109,0.8888888888888888,6,2,3,1,9,27
googlebot,muxi,20170,1.0,1.0,2,0,2,0,1,3
googlebot,nathanielmanistaatgoogle,20170,0.8,0.7440000000000001,16,6,3,0,5,30
googlebot,ncteisen,20170,1.0,1.0,0,0,0,0,1,4
googlebot,nicolasnoble,20170,0.6116666666666667,1.0,5,0,2,0,6,23
googlebot,pdf13,20170,1.0,1.0,0,0,0,0,1,3
googlebot,podsvirov,20170,1.0,1.0,0,0,0,0,1,5
googlebot,ppietrasa,20170,1.0,1.0,1,0,1,0,1,3
googlebot,raj-nt,20170,1.0,1.0,2,0,2,0,1,3
googlebot,rasjani,20170,1.0,1.0,2,0,2,0,1,3
googlebot,rcoscali,20170,1.0,1.0,0,0,0,0,2,7
googlebot,rdsedmundo,20170,1.0,1.0,0,0,0,0,1,3
googlebot,rnburn,20170,1.0,1.0,2,0,0,0,1,4
googlebot,santarcade,20170,1.0,1.0,4,0,4,0,1,4
googlebot,smulikHakipod,20170,1.0,1.0,1,0,1,0,1,3
googlebot,soltanmm,20170,1.0,1.0,16,0,0,0,1,13
googlebot,stanley-cheung,20170,0.5,1.0,0,1,0,0,2,5
googlebot,stevej,20170,1.0,1.0,0,0,0,0,1,5
googlebot,tedsuo,20170,1.0,1.0,3,0,2,0,1,5
googlebot,twe4ked,20170,1.0,1.0,2,0,2,0,1,4
googlebot,vjpai,20170,1.0,0.0,0,2,0,0,1,3
googlebot,wuurrd,20170,1.0,1.0,0,0,0,0,1,3
googlebot,y-zeng,20170,1.0,1.0,9,0,8,0,5,22
googlebot,yang-g,20170,0.5,1.0,0,1,0,0,2,5
googlebot,zhimingxie,20170,1.0,1.0,0,0,0,0,1,6
grahamc,Retik,20170,1.0,0.0,0,0,0,0,1,2
granthobbs,MatthiasWeiser,20170,1.0,1.0,0,0,0,0,1,2
grpc-kokoro,KindDragon,20170,1.0,1.0,0,0,0,0,1,9
grpc-kokoro,MakMukhi,20170,1.0,1.0,10,0,0,0,1,7
grpc-kokoro,Op3n4M3,20170,1.0,1.0,14,0,14,0,2,34
grpc-kokoro,RyanGordon,20170,1.0,1.0,6,0,6,0,1,10
grpc-kokoro,Shizmob,20170,1.0,1.0,0,0,0,0,1,17
grpc-kokoro,TooTallNate,20170,1.0,1.0,0,0,0,0,1,6
grpc-kokoro,Vizerai,20170,1.0,1.0,8,0,0,0,1,6
grpc-kokoro,grpc-testing,20170,1.0,1.0,3331,0,3092,0,94,1239
grpc-kokoro,haorenfsa,20170,1.0,1.0,4,0,0,0,1,19
grpc-kokoro,hellishfire,20170,1.0,1.0,0,0,0,0,1,7
grpc-kokoro,hsaliak,20170,1.0,1.0,0,0,0,0,1,16
grpc-kokoro,hstefan,20170,1.0,1.0,0,0,0,0,1,19
grpc-kokoro,htuch,20170,1.0,1.0,14,0,14,0,1,18
grpc-kokoro,hvardhanx,20170,1.0,0.83,3,3,3,0,1,9
grpc-kokoro,iancoolidge,20170,1.0,1.0,21,0,0,0,1,16
grpc-kokoro,ipylypiv,20170,1.0,1.0,18,0,0,0,2,38
grpc-kokoro,ivucica,20170,1.0,0.88,16,16,16,0,1,24
grpc-kokoro,jacobvosmaer,20170,1.0,1.0,18,0,18,0,1,20
grpc-kokoro,jboeuf,20170,1.0,0.975,78,14,50,0,10,84
grpc-kokoro,jcanizales,20170,1.0,1.0,13,0,0,0,3,16
grpc-kokoro,jeady,20170,1.0,1.0,13,0,13,0,1,15
grpc-kokoro,jhseu,20170,1.0,1.0,15,0,14,0,2,18
grpc-kokoro,jhspaybar,20170,1.0,1.0,0,0,0,0,1,18
grpc-kokoro,jiangtaoli2016,20170,1.0,0.6666666666666666,11,14,6,0,3,45
grpc-kokoro,jmuk,20170,1.0,0.0,0,15,0,0,1,16
grpc-kokoro,joexue,20170,1.0,1.0,6,0,6,0,2,21
grpc-kokoro,joshreuben456,20170,1.0,1.0,1,0,0,0,1,2
grpc-kokoro,jozefizso,20170,1.0,1.0,14,0,14,0,1,15
grpc-kokoro,jtattermusch,20170,1.0,0.9662765957446808,340,33,95,0,94,801
grpc-kokoro,jynnantonix,20170,1.0,0.0,0,5,0,0,1,6
grpc-kokoro,kahuang,20170,1.0,1.0,1,0,0,0,1,2
grpc-kokoro,kerneltime,20170,1.0,1.0,0,0,0,0,1,15
grpc-kokoro,kkishore1839,20170,1.0,1.0,0,0,0,0,1,7
grpc-kokoro,kpayson64,20170,1.0,0.9816666666666668,146,0,3,0,18,109
grpc-kokoro,kprakasam,20170,1.0,1.0,6,0,6,0,1,8
grpc-kokoro,kskalski,20170,1.0,0.665,0,38,0,0,2,29
grpc-kokoro,kuscsik,20170,1.0,1.0,45,0,45,0,1,20
grpc-kokoro,lanttu,20170,1.0,1.0,0,0,0,0,1,4
grpc-kokoro,lyuxuan,20170,1.0,1.0,12,0,0,0,2,10
grpc-kokoro,makdharma,20170,1.0,0.9642857142857144,87,0,0,0,14,70
grpc-kokoro,markdroth,20170,1.0,0.854848484848485,268,14,0,0,33,271
grpc-kokoro,matt-kwong,20170,1.0,0.9078947368421052,179,0,0,0,38,195
grpc-kokoro,mattheworiordan,20170,1.0,1.0,0,0,0,0,1,19
grpc-kokoro,mehrdada,20170,1.0,1.0,98,0,75,0,15,148
grpc-kokoro,michaelbausor,20170,1.0,1.0,10,0,0,0,1,13
grpc-kokoro,michielbdejong,20170,1.0,1.0,0,0,0,0,1,17
grpc-kokoro,miked-mellanox,20170,1.0,1.0,5,0,5,0,1,6
grpc-kokoro,mkvonarx,20170,1.0,1.0,1,0,0,0,1,16
grpc-kokoro,mpwarres,20170,1.0,1.0,28,0,28,0,1,20
grpc-kokoro,msmania,20170,1.0,1.0,17,0,17,0,1,18
grpc-kokoro,multilobyte,20170,1.0,1.0,15,0,15,0,1,17
grpc-kokoro,murgatroid99,20170,1.0,0.9517391304347826,146,33,35,0,46,287
grpc-kokoro,muxi,20170,1.0,1.0,135,0,21,0,21,120
grpc-kokoro,nathanielmanistaatgoogle,20170,1.0,0.9825,20,3,5,0,8,38
grpc-kokoro,ncteisen,20170,1.0,1.0,420,0,6,0,44,281
grpc-kokoro,nicolasnoble,20170,1.0,0.9281818181818182,116,21,26,0,22,186
grpc-kokoro,osadalakmal,20170,1.0,1.0,0,0,0,0,1,7
grpc-kokoro,paralin,20170,1.0,0.9,18,0,3,0,2,15
grpc-kokoro,pcarrier,20170,1.0,1.0,0,0,0,0,1,7
grpc-kokoro,pdf13,20170,1.0,1.0,1,0,0,0,1,16
grpc-kokoro,pedr000000,20170,1.0,1.0,0,0,0,0,1,4
grpc-kokoro,per-gron,20170,1.0,1.0,15,0,15,0,2,32
grpc-kokoro,pmbethe09,20170,1.0,1.0,0,0,0,0,1,5
grpc-kokoro,podsvirov,20170,1.0,1.0,0,0,0,0,1,23
grpc-kokoro,ppietrasa,20170,1.0,1.0,12,0,12,0,3,45
grpc-kokoro,pszemus,20170,1.0,1.0,0,0,0,0,1,19
grpc-kokoro,raj-nt,20170,1.0,1.0,14,0,14,0,1,16
grpc-kokoro,randomguy3,20170,1.0,1.0,2,0,0,0,1,18
grpc-kokoro,rasjani,20170,1.0,1.0,5,0,5,0,1,6
grpc-kokoro,rcoenen,20170,1.0,1.0,8,0,0,0,1,9
grpc-kokoro,rcoscali,20170,1.0,1.0,0,0,0,0,2,16
grpc-kokoro,rdsedmundo,20170,1.0,1.0,1,0,0,0,1,16
grpc-kokoro,relwell,20170,1.0,1.0,0,0,0,0,1,18
grpc-kokoro,rnburn,20170,1.0,1.0,0,0,0,0,1,18
grpc-kokoro,rxbynerd,20170,1.0,0.0,0,5,0,0,1,6
grpc-kokoro,santarcade,20170,1.0,1.0,38,0,38,0,1,21
grpc-kokoro,sayrer,20170,1.0,1.0,0,0,0,0,1,7
grpc-kokoro,smulikHakipod,20170,1.0,1.0,6,0,6,0,2,13
grpc-kokoro,soltanmm,20170,1.0,1.0,0,0,0,0,1,11
grpc-kokoro,soltanmm-google,20170,1.0,1.0,0,0,0,0,1,4
grpc-kokoro,sreecha,20170,1.0,1.0,130,0,0,0,10,63
grpc-kokoro,stanley-cheung,20170,1.0,0.9764285714285714,64,0,27,0,14,116
grpc-kokoro,stevej,20170,1.0,1.0,0,0,0,0,1,17
grpc-kokoro,tberghammer,20170,1.0,1.0,0,0,0,0,1,4
grpc-kokoro,tgummerer,20170,1.0,0.33,0,12,0,0,1,9
grpc-kokoro,thassss,20170,1.0,1.0,6,0,6,0,1,7
grpc-kokoro,thinkerou,20170,1.0,1.0,24,0,24,0,3,29
grpc-kokoro,thunderboltsid,20170,1.0,1.0,3,0,0,0,1,5
grpc-kokoro,trimbo,20170,1.0,1.0,15,0,14,0,1,17
grpc-kokoro,twe4ked,20170,1.0,1.0,17,0,17,0,1,19
grpc-kokoro,twk3,20170,1.0,1.0,0,0,0,0,1,15
grpc-kokoro,umegaya,20170,1.0,1.0,0,0,0,0,1,6
grpc-kokoro,vjpai,20170,1.0,0.8867857142857142,350,40,30,0,28,255
grpc-kokoro,wcevans,20170,1.0,1.0,16,0,14,0,1,18
grpc-kokoro,wuurrd,20170,1.0,1.0,0,0,0,0,1,16
grpc-kokoro,xuwei-k,20170,1.0,1.0,0,0,0,0,1,16
grpc-kokoro,y-zeng,20170,1.0,1.0,153,0,60,0,29,181
grpc-kokoro,yang-g,20170,1.0,1.0,109,0,42,0,27,197
grpc-kokoro,yongni,20170,1.0,1.0,20,0,0,0,5,34
grpc-kokoro,yugui,20170,1.0,1.0,16,0,16,0,1,17
grpc-kokoro,zhimingxie,20170,1.0,1.0,0,0,0,0,1,19
grpc-kokoro,zinuga,20170,1.0,1.0,0,0,0,0,1,7
grpc-testing,KindDragon,20170,1.0,1.0,0,0,0,0,1,12
grpc-testing,MakMukhi,20170,1.0,1.0,1,0,0,0,1,2
grpc-testing,RyanGordon,20170,1.0,1.0,11,0,11,0,1,15
grpc-testing,Shizmob,20170,1.0,1.0,2,0,0,0,1,5
grpc-testing,Vizerai,20170,1.0,1.0,6,0,0,0,1,5
grpc-testing,haorenfsa,20170,1.0,1.0,0,0,0,0,1,6
grpc-testing,hellishfire,20170,1.0,1.0,0,0,0,0,1,10
grpc-testing,hsaliak,20170,1.0,1.0,0,0,0,0,1,3
grpc-testing,iancoolidge,20170,1.0,1.0,0,0,0,0,1,13
grpc-testing,jboeuf,20170,1.0,1.0,7,0,4,0,5,34
grpc-testing,jeady,20170,1.0,1.0,4,0,2,0,1,6
grpc-testing,jhspaybar,20170,1.0,1.0,0,0,0,0,1,3
grpc-testing,jiangtaoli2016,20170,1.0,1.0,15,0,9,0,2,20
grpc-testing,jmuk,20170,1.0,0.0,0,2,0,0,1,3
grpc-testing,joexue,20170,1.0,1.0,9,0,9,0,2,24
grpc-testing,jtattermusch,20170,1.0,0.97,69,17,20,0,29,156
grpc-testing,jynnantonix,20170,1.0,0.0,0,10,0,0,1,11
grpc-testing,kahuang,20170,1.0,1.0,5,0,0,0,1,6
grpc-testing,kkishore1839,20170,1.0,1.0,0,0,0,0,1,10
grpc-testing,kpayson64,20170,1.0,1.0,31,0,0,0,5,21
grpc-testing,kprakasam,20170,1.0,1.0,10,0,10,0,1,12
grpc-testing,kskalski,20170,1.0,0.665,0,2,0,0,2,15
grpc-testing,lyuxuan,20170,1.0,1.0,40,0,0,0,2,19
grpc-testing,makdharma,20170,1.0,1.0,5,0,0,0,1,6
grpc-testing,makroiss,20170,1.0,1.0,8,0,0,0,1,7
grpc-testing,markdroth,20170,1.0,0.9846153846153848,71,0,0,0,13,79
grpc-testing,matt-kwong,20170,1.0,1.0,46,0,0,0,8,60
grpc-testing,mehrdada,20170,1.0,0.6666666666666666,11,1,2,0,3,11
grpc-testing,michaelbausor,20170,1.0,1.0,0,0,0,0,1,13
grpc-testing,multilobyte,20170,1.0,1.0,2,0,2,0,1,4
grpc-testing,murgatroid99,20170,1.0,0.9166666666666666,29,2,13,0,12,63
grpc-testing,muxi,20170,1.0,1.0,29,0,13,0,5,30
grpc-testing,nathanielmanistaatgoogle,20170,1.0,0.93,12,0,0,0,2,13
grpc-testing,ncteisen,20170,1.0,1.0,27,0,9,0,11,58
grpc-testing,nicolasnoble,20170,1.0,0.875,34,39,18,0,10,102
grpc-testing,osadalakmal,20170,1.0,1.0,0,0,0,0,1,12
grpc-testing,pcarrier,20170,1.0,1.0,0,0,0,0,1,12
grpc-testing,per-gron,20170,1.0,1.0,5,0,5,0,2,11
grpc-testing,podsvirov,20170,1.0,1.0,0,0,0,0,1,5
grpc-testing,randomguy3,20170,1.0,1.0,0,0,0,0,1,4
grpc-testing,rasjani,20170,1.0,1.0,9,0,9,0,1,10
grpc-testing,rcoenen,20170,1.0,1.0,1,0,0,0,1,2
grpc-testing,rcoscali,20170,1.0,1.0,0,0,0,0,2,22
grpc-testing,relwell,20170,1.0,1.0,0,0,0,0,1,3
grpc-testing,rnburn,20170,1.0,1.0,0,0,0,0,2,6
grpc-testing,sayrer,20170,1.0,1.0,0,0,0,0,1,12
grpc-testing,smulikHakipod,20170,1.0,1.0,7,0,7,0,2,18
grpc-testing,sreecha,20170,1.0,1.0,12,0,0,0,3,13
grpc-testing,stanley-cheung,20170,1.0,0.9528571428571428,28,0,24,0,7,39
grpc-testing,tedsuo,20170,1.0,1.0,2,0,2,0,1,4
grpc-testing,tgummerer,20170,1.0,0.33,0,22,0,0,1,14
grpc-testing,thassss,20170,1.0,1.0,11,0,11,0,1,12
grpc-testing,thinkerou,20170,1.0,1.0,3,0,3,0,2,5
grpc-testing,vjpai,20170,1.0,0.9,26,11,0,0,10,45
grpc-testing,wuurrd,20170,1.0,1.0,0,0,0,0,1,3
grpc-testing,xuwei-k,20170,1.0,1.0,0,0,0,0,1,3
grpc-testing,y-zeng,20170,1.0,1.0,10,0,7,0,5,29
grpc-testing,yang-g,20170,1.0,1.0,11,0,0,0,8,30
grpc-testing,yongni,20170,1.0,1.0,4,0,0,0,2,6
grpc-testing,zhimingxie,20170,1.0,1.0,4,0,0,0,1,5
grpc-testing,zinuga,20170,1.0,1.0,0,0,0,0,1,12
grzegorz-zur,shanghai-Jerry,20170,1.0,1.0,1,0,0,0,1,2
hadils,jiny2,20170,1.0,0.0,0,0,0,0,1,3
hadils,jtattermusch,20170,1.0,1.0,2,0,0,0,1,3
hadils,ncteisen,20170,1.0,0.835,3,0,0,0,2,7
hadils,patricia93sousa,20170,1.0,1.0,4,0,0,0,1,5
hadisinaee,mehrdada,20170,1.0,1.0,0,0,0,0,1,2
haochun,jtattermusch,20170,1.0,1.0,4,0,0,0,1,4
haorenfsa,ZTJiu,20170,0.0,1.0,0,0,0,0,1,2
heri16,pokidovea,20170,1.0,1.0,1,0,0,0,1,2
heri16,seglberg,20170,1.0,0.5,1,0,0,0,1,3
heyanlong,stanley-cheung,20170,0.6699999999999999,1.0,4,0,0,0,1,5
hipcrime,nbravos,20170,1.0,1.0,1,0,0,0,1,2
hir3npatel,nathanielmanistaatgoogle,20170,0.6699999999999999,0.5,2,1,0,1,1,5
hir3npatel,speedplane,20170,0.6699999999999999,1.0,1,0,0,0,1,4
hitsubunnu,muxi,20170,1.0,1.0,9,0,1,0,1,8
honglyua,jacobvosmaer,20170,1.0,1.0,3,0,0,0,1,5
honglyua,stanhu,20170,1.0,1.0,2,0,0,0,1,3
hsaliak,MaxDesiatov,20170,1.0,1.0,1,0,0,0,1,3
hsaliak,RomanYankovsky,20170,1.0,0.0,0,0,0,0,1,2
hsaliak,jayantkolhe,20170,1.0,1.0,1,0,0,0,1,2
hsaliak,jboeuf,20170,1.0,1.0,1,0,0,0,1,2
hsaliak,kolmodin,20170,0.0,1.0,0,2,0,0,1,4
hsaliak,kpayson64,20170,1.0,0.6666666666666666,19,1,0,0,3,14
hsaliak,lukesneeringer,20170,1.0,1.0,6,0,0,0,1,7
hsaliak,markdroth,20170,1.0,0.83,10,0,0,0,1,8
hsaliak,mehrdada,20170,1.0,1.0,4,0,0,0,1,4
hsaliak,murgatroid99,20170,1.0,0.89,8,0,0,0,1,10
hsaliak,nathanielmanistaatgoogle,20170,1.0,1.0,6,0,0,0,2,8
hsaliak,ncteisen,20170,1.0,1.0,1,0,0,0,1,2
hsaliak,nicolasnoble,20170,1.0,1.0,1,0,0,0,1,2
hsaliak,pepperkick,20170,1.0,1.0,4,0,0,0,1,5
hsaliak,stanley-cheung,20170,1.0,1.0,3,0,0,0,1,4
hsaliak,stephenplusplus,20170,1.0,1.0,2,0,0,0,1,4
hsaliak,theacodes,20170,1.0,0.86,15,0,0,0,1,10
hsaliak,y-zeng,20170,1.0,1.0,1,0,0,0,1,2
hstefan,jboeuf,20170,0.86,1.0,1,1,1,0,1,8
hstefan,kpayson64,20170,0.86,1.0,10,0,0,0,1,9
hstefan,nathanielmanistaatgoogle,20170,0.86,1.0,5,0,0,0,1,8
htuch,sreecha,20170,1.0,1.0,1,0,1,0,1,4
huangyingqiu,jaimemartinez88,20170,1.0,1.0,0,0,0,0,1,2
huangyingqiu,jtattermusch,20170,1.0,1.0,0,0,0,0,1,2
huangyingqiu,ncteisen,20170,1.0,1.0,1,0,1,0,1,3
hvardhanx,kpayson64,20170,0.83,1.0,13,1,1,0,1,10
iancoolidge,ncteisen,20170,1.0,1.0,3,0,0,0,1,4
iancoolidge,nicolasnoble,20170,1.0,1.0,6,0,0,0,1,5
iantalarico,jskeet,20170,1.0,0.75,6,0,0,0,1,9
iantalarico,jtattermusch,20170,1.0,1.0,4,0,0,0,1,5
iantalarico,nicolasnoble,20170,1.0,1.0,1,0,0,0,1,2
iantalarico,onovotny,20170,1.0,1.0,2,0,0,0,1,3
ilovezfs,stanley-cheung,20170,1.0,1.0,12,0,0,0,1,7
isabellewei,murgatroid99,20170,1.0,0.6699999999999999,2,0,0,0,1,4
ivucica,jtattermusch,20170,0.88,1.0,6,0,0,0,1,9
ivucica,nicolasnoble,20170,0.88,1.0,12,0,0,0,1,10
ivucica,y-zeng,20170,0.88,1.0,13,1,1,0,1,11
jab,Kenblair1226,20170,1.0,1.0,1,0,0,0,1,3
jab,murgatroid99,20170,1.0,1.0,1,0,0,0,1,3
jacobvosmaer,Op3n4M3,20170,1.0,1.0,4,0,0,0,1,6
jacobvosmaer,mehrdada,20170,1.0,1.0,2,0,1,0,1,4
jacobvosmaer,murgatroid99,20170,0.5,0.0,1,0,0,1,1,3
jacobvosmaer,pglombardo,20170,1.0,1.0,6,0,0,0,1,6
jacobvosmaer,stanhu,20170,1.0,1.0,6,0,0,0,1,6
jacobvosmaer,twk3,20170,1.0,1.0,8,0,0,0,1,7
jaimemartinez88,jtattermusch,20170,1.0,1.0,1,0,0,0,1,2
jaimemartinez88,ncteisen,20170,1.0,1.0,1,0,0,0,1,3
jammi,murgatroid99,20170,1.0,1.0,2,0,0,0,1,3
jayantkolhe,Olical,20170,1.0,1.0,2,0,0,0,1,3
jayantkolhe,jboeuf,20170,1.0,0.8,3,0,0,0,1,11
jayantkolhe,maxkondr,20170,1.0,0.83,4,0,0,0,1,7
jayantkolhe,nathanielmanistaatgoogle,20170,1.0,1.0,3,0,0,0,1,4
jboeuf,JelteF,20170,1.0,1.0,1,0,0,0,1,2
jboeuf,JoseFMP,20170,1.0,1.0,1,0,0,0,1,3
jboeuf,KanybekMomukeyev,20170,1.0,1.0,2,0,0,0,1,4
jboeuf,NGNeer,20170,1.0,1.0,1,0,1,0,1,2
jboeuf,Olical,20170,0.8,1.0,6,0,0,0,1,12
jboeuf,jcanizales,20170,1.0,1.0,6,0,2,0,2,10
jboeuf,jtattermusch,20170,1.0,1.0,5,0,0,0,2,9
jboeuf,korovkin,20170,1.0,1.0,0,0,0,0,1,2
jboeuf,kpayson64,20170,1.0,1.0,0,0,0,0,1,3
jboeuf,markdroth,20170,1.0,0.6666666666666666,11,0,3,0,3,18
jboeuf,matt-kwong,20170,1.0,1.0,3,0,0,0,2,5
jboeuf,maxkondr,20170,0.8,0.83,19,7,5,2,1,16
jboeuf,menghanl,20170,1.0,1.0,1,0,0,0,1,3
jboeuf,murgatroid99,20170,1.0,0.6,8,1,0,0,5,19
jboeuf,muxi,20170,1.0,1.0,2,0,0,0,1,4
jboeuf,nathanielmanistaatgoogle,20170,0.6675,1.0,5,0,0,0,4,11
jboeuf,ndandanov,20170,1.0,1.0,0,0,0,0,1,3
jboeuf,nicolasnoble,20170,1.0,0.7857142857142857,7,0,1,0,7,22
jboeuf,nwoeanhinnogaehr,20170,1.0,0.0,0,0,0,0,1,2
jboeuf,patricia93sousa,20170,1.0,1.0,3,0,2,0,1,5
jboeuf,remicollet,20170,1.0,0.0,0,1,0,0,1,3
jboeuf,sackio,20170,1.0,1.0,3,0,3,0,2,9
jboeuf,siacomuzzi,20170,1.0,1.0,0,0,0,0,1,2
jboeuf,stanley-cheung,20170,1.0,1.0,19,0,1,0,3,18
jboeuf,sulliwane,20170,1.0,1.0,0,0,0,0,1,2
jboeuf,trimbo,20170,0.75,1.0,3,1,1,0,1,6
jboeuf,tuxagon,20170,1.0,0.5,1,2,0,0,1,5
jboeuf,vjpai,20170,1.0,1.0,2,0,0,0,1,3
jboeuf,wisotzky,20170,0.5,0.7150000000000001,5,0,0,4,2,10
jboeuf,yang-g,20170,0.5,1.0,2,0,0,0,1,4
jcanizales,JoseFMP,20170,1.0,1.0,4,0,0,0,1,5
jcanizales,KanybekMomukeyev,20170,1.0,1.0,8,0,0,0,1,6
jcanizales,k7,20170,1.0,1.0,2,0,0,0,1,4
jcanizales,makdharma,20170,1.0,1.0,1,0,0,0,1,2
jcanizales,mehrdada,20170,1.0,1.0,3,0,0,0,1,4
jcanizales,menghanl,20170,1.0,1.0,4,0,0,0,1,5
jcanizales,murgatroid99,20170,1.0,1.0,1,0,0,0,1,4
jcanizales,muxi,20170,0.9436363636363636,0.989090909090909,68,2,0,2,11,54
jcanizales,nathanielmanistaatgoogle,20170,1.0,1.0,1,0,0,0,1,4
jcanizales,nicolasnoble,20170,1.0,1.0,3,0,0,0,1,6
jcanizales,patricia93sousa,20170,1.0,1.0,1,0,1,0,1,3
jcanizales,pbatg,20170,1.0,1.0,1,0,0,0,1,2
jcanizales,stephanemoore,20170,0.0,1.0,0,0,0,0,1,4
jcanizales,swfeng,20170,1.0,0.0,0,0,0,0,1,2
jcanizales,thomasvl,20170,0.71,0.0,2,0,0,2,1,8
jcanizales,tuxagon,20170,1.0,0.5,0,1,0,0,1,3
jcanizales,willks,20170,1.0,0.0,0,0,0,0,1,2
jcking,murgatroid99,20170,1.0,0.0,0,0,0,0,1,2
jeady,lyuxuan,20170,1.0,1.0,4,0,0,0,1,5
jeady,yang-g,20170,1.0,1.0,2,0,0,0,1,4
jeffmendoza,pva,20170,0.0,1.0,0,0,0,0,1,2
jenevaL,leengine90,20170,1.0,1.0,0,0,0,0,1,2
jhseu,vjpai,20170,1.0,1.0,4,0,0,0,2,7
jhseu,yang-g,20170,1.0,1.0,2,0,0,0,1,4
jhspaybar,mehrdada,20170,1.0,1.0,0,0,0,0,1,2
jhspaybar,murgatroid99,20170,1.0,1.0,2,0,0,0,1,3
jhspaybar,relwell,20170,1.0,1.0,1,0,0,0,1,2
jhspaybar,rnburn,20170,1.0,1.0,1,0,0,0,1,2
jiangtaoli2016,markdroth,20170,0.6666666666666666,0.8333333333333334,3,0,0,1,3,12
jiangtaoli2016,yang-g,20170,0.0,1.0,0,0,0,0,1,2
jimthematrix,joshadambell,20170,1.0,1.0,3,0,0,0,1,5
jimthematrix,uguessmyid,20170,1.0,1.0,3,0,0,0,1,4
jiny2,jtattermusch,20170,0.0,1.0,0,0,0,0,1,2
jiny2,ncteisen,20170,0.0,0.6699999999999999,1,1,0,1,1,4
jiny2,patricia93sousa,20170,0.0,1.0,0,1,0,0,1,4
jjblum,murgatroid99,20170,1.0,1.0,2,0,0,0,1,3
jli053,murgatroid99,20170,1.0,1.0,0,0,0,0,1,2
jli053,savagecm,20170,1.0,1.0,0,0,0,0,1,2
jmblakl,NGNeer,20170,1.0,0.8,4,2,4,0,1,7
jmblakl,jtattermusch,20170,1.0,1.0,0,0,0,0,1,4
jmblakl,mrapavy,20170,1.0,1.0,0,0,0,0,1,3
jmillikin,nathanielmanistaatgoogle,20170,1.0,1.0,1,0,0,0,1,3
jmuk,murgatroid99,20170,0.0,0.0,1,0,0,1,1,2
joeblubaugh,nathanielmanistaatgoogle,20170,1.0,1.0,2,0,2,0,1,3
joeblubaugh,rnburn,20170,1.0,1.0,2,0,2,0,1,8
joeblubaugh,tedsuo,20170,1.0,1.0,0,0,0,0,1,4
joelharkes,jonair,20170,1.0,1.0,1,0,0,0,1,3
joelharkes,jwuliger,20170,1.0,1.0,1,0,0,0,1,2
joelharkes,murgatroid99,20170,1.0,1.0,5,0,0,0,1,6
joelharkes,stephenplusplus,20170,1.0,1.0,1,0,0,0,1,2
joexue,murgatroid99,20170,1.0,1.0,0,0,0,0,1,2
joexue,nicolasnoble,20170,1.0,1.0,1,0,0,0,1,2
johanbrandhorst,LisaFC,20170,0.0,0.0,1,0,0,1,1,2
johnco3,jtattermusch,20170,1.0,0.0,0,0,0,0,1,2
johnco3,mike07026,20170,1.0,1.0,2,0,0,0,1,3
johnco3,yang-g,20170,1.0,0.0,0,0,0,0,1,2
jonair,jwuliger,20170,1.0,1.0,1,0,0,0,1,3
jonair,murgatroid99,20170,1.0,1.0,5,0,0,0,1,7
jonair,stephenplusplus,20170,1.0,1.0,1,0,0,0,1,3
jopedroliveira,ncteisen,20170,1.0,1.0,5,0,0,0,1,6
jopedroliveira,vjpai,20170,1.0,1.0,4,0,0,0,1,5
jopedroliveira,yang-g,20170,1.0,1.0,2,0,0,0,1,3
joseAndresGomezTovar,neuecc,20170,1.0,1.0,0,0,0,0,1,2
joshadambell,uguessmyid,20170,1.0,1.0,1,0,0,0,1,3
joshreuben456,murgatroid99,20170,1.0,1.0,1,0,0,0,1,2
jozefizso,Retik,20170,1.0,1.0,1,0,0,0,1,2
jozefizso,jtattermusch,20170,1.0,1.0,6,0,0,0,4,11
jozefizso,neuecc,20170,1.0,1.0,1,0,0,0,1,2
jozefizso,vadimi,20170,1.0,1.0,1,0,0,0,1,2
jskeet,jtattermusch,20170,0.9442857142857142,0.9285714285714286,56,2,0,1,7,45
jskeet,markns,20170,0.86,0.0,1,1,0,1,1,8
jskeet,nicolasnoble,20170,0.75,1.0,6,0,0,0,1,9
jskeet,onovotny,20170,0.75,1.0,12,0,0,0,1,10
jtattermusch,KindDragon,20170,1.0,1.0,4,0,0,0,2,6
jtattermusch,MakMukhi,20170,1.0,1.0,3,0,0,0,1,4
jtattermusch,MatthiasWeiser,20170,1.0,1.0,2,0,0,0,1,3
jtattermusch,MedAnd,20170,0.83,0.8,21,0,0,1,1,11
jtattermusch,NGNeer,20170,1.0,0.8,4,0,0,0,1,7
jtattermusch,Retik,20170,1.0,1.0,2,0,0,0,1,3
jtattermusch,kerneltime,20170,1.0,1.0,3,0,0,0,1,4
jtattermusch,kpayson64,20170,1.0,1.0,17,0,0,0,7,27
jtattermusch,kskalski,20170,1.0,0.665,1,0,0,0,2,6
jtattermusch,lighta,20170,1.0,1.0,3,0,0,0,1,4
jtattermusch,lostobject,20170,1.0,1.0,2,0,2,0,1,4
jtattermusch,lunemec,20170,1.0,1.0,6,0,0,0,1,7
jtattermusch,maiorfi,20170,1.0,0.0,0,0,0,0,1,2
jtattermusch,maiorfi-at-innovactive,20170,1.0,1.0,0,0,0,0,1,3
jtattermusch,makdharma,20170,0.75,0.9375,9,0,0,1,8,19
jtattermusch,markdroth,20170,1.0,1.0,11,0,0,0,5,15
jtattermusch,markns,20170,0.83,0.0,1,0,0,1,1,7
jtattermusch,mastergberry,20170,1.0,0.86,60,0,0,0,1,20
jtattermusch,matt-kwong,20170,0.7796428571428571,0.8989285714285715,32,3,0,1,28,84
jtattermusch,mehrdada,20170,1.0,0.835,8,3,0,0,2,12
jtattermusch,mike07026,20170,0.0,1.0,0,0,0,0,1,3
jtattermusch,mmdmeeran,20170,1.0,1.0,1,0,0,0,1,2
jtattermusch,mrapavy,20170,1.0,1.0,2,0,0,0,1,3
jtattermusch,murgatroid99,20170,0.9285714285714286,0.905,21,0,0,0,14,37
jtattermusch,muxi,20170,0.6666666666666666,1.0,6,0,0,0,6,17
jtattermusch,nathanielmanistaatgoogle,20170,0.7142857142857143,0.8571428571428571,7,0,0,1,7,18
jtattermusch,ncteisen,20170,0.8888888888888888,0.9633333333333334,22,0,0,0,9,33
jtattermusch,ndandanov,20170,1.0,1.0,0,0,0,0,1,3
jtattermusch,neuecc,20170,0.875,1.0,4,1,0,0,4,10
jtattermusch,nicolasnoble,20170,0.958181818181818,0.8181818181818182,22,0,0,2,11,42
jtattermusch,nwoeanhinnogaehr,20170,1.0,0.0,0,0,0,0,1,2
jtattermusch,onovotny,20170,1.0,1.0,8,0,0,0,1,6
jtattermusch,patricia93sousa,20170,1.0,1.0,2,0,0,0,1,4
jtattermusch,per-gron,20170,1.0,1.0,2,0,2,0,1,6
jtattermusch,peterwishart,20170,0.8,1.0,4,0,0,0,1,6
jtattermusch,pmbethe09,20170,0.5,1.0,1,0,0,0,1,3
jtattermusch,podsvirov,20170,1.0,1.0,4,0,0,0,1,5
jtattermusch,ppietrasa,20170,1.0,1.0,21,0,0,0,3,17
jtattermusch,randomguy3,20170,1.0,1.0,3,0,0,0,1,4
jtattermusch,robiwano,20170,1.0,1.0,2,0,0,0,1,3
jtattermusch,sackio,20170,1.0,1.0,0,0,0,0,1,2
jtattermusch,soltanmm-google,20170,1.0,1.0,1,0,0,0,1,2
jtattermusch,sreecha,20170,1.0,1.0,3,0,0,0,2,6
jtattermusch,stanley-cheung,20170,1.0,1.0,21,0,0,0,2,14
jtattermusch,sunsided,20170,1.0,1.0,2,0,0,0,1,3
jtattermusch,tania-m,20170,0.0,1.0,0,0,0,0,1,3
jtattermusch,tasoss,20170,1.0,1.0,0,0,0,0,1,4
jtattermusch,tberghammer,20170,1.0,1.0,1,0,0,0,1,2
jtattermusch,tbillington,20170,0.0,1.0,0,0,0,0,1,2
jtattermusch,thinkerou,20170,1.0,1.0,0,0,0,0,1,2
jtattermusch,thunderboltsid,20170,1.0,1.0,2,0,0,0,2,7
jtattermusch,tuxagon,20170,1.0,1.0,4,0,0,0,1,4
jtattermusch,uguessmyid,20170,1.0,1.0,3,0,0,0,1,4
jtattermusch,umairda,20170,1.0,1.0,1,0,0,0,1,2
jtattermusch,umegaya,20170,1.0,1.0,1,0,0,0,1,2
jtattermusch,unicornmafia,20170,1.0,1.0,1,0,0,0,1,2
jtattermusch,vadimi,20170,1.0,1.0,37,0,4,0,5,29
jtattermusch,varshanbp,20170,0.6699999999999999,1.0,2,0,0,0,1,4
jtattermusch,vincentshow,20170,1.0,1.0,6,0,0,0,1,7
jtattermusch,vjpai,20170,1.0,0.96,20,0,0,0,5,20
jtattermusch,y-zeng,20170,1.0,1.0,11,0,1,0,5,18
jtattermusch,yang-g,20170,0.9,0.9,21,0,0,1,10,41
jtattermusch,yashton,20170,1.0,1.0,0,0,0,0,1,4
jtattermusch,yongni,20170,0.875,1.0,3,1,0,0,4,10
jtattermusch,yurishkuro,20170,1.0,1.0,1,0,0,0,1,2
jtattermusch,zhengwx11,20170,1.0,1.0,2,0,0,0,1,3
jtattermusch,zhimingxie,20170,1.0,1.0,16,0,0,0,1,9
jtattermusch,zinuga,20170,1.0,1.0,1,0,0,0,1,2
jwuliger,murgatroid99,20170,1.0,1.0,5,0,0,0,1,6
jwuliger,stephenplusplus,20170,1.0,1.0,1,0,0,0,1,2
jynnantonix,nicolasnoble,20170,0.0,0.25,3,0,0,3,1,5
k7,muxi,20170,1.0,1.0,4,0,0,0,1,6
kahuang,kpayson64,20170,1.0,1.0,6,0,0,0,2,8
kahuang,mehrdada,20170,0.86,0.9,61,9,4,2,1,24
kahuang,nathanielmanistaatgoogle,20170,1.0,0.0,0,0,0,0,1,2
kaiwu,lnshi,20170,1.0,1.0,1,0,0,0,1,2
kcc,yang-g,20170,1.0,0.0,0,0,0,0,1,2
kernelpig,mehrdada,20170,1.0,1.0,3,0,0,0,1,5
kernelpig,nathanielmanistaatgoogle,20170,1.0,0.83,5,1,2,0,1,8
kernelpig,nicolasnoble,20170,1.0,1.0,1,0,0,0,1,3
kernelpig,scottbez1,20170,1.0,1.0,1,0,0,0,1,3
kernelpig,sofo23,20170,1.0,1.0,2,0,1,0,1,4
kernelpig,spielmannj,20170,1.0,1.0,1,0,0,0,1,3
kernelpig,timmyzaid,20170,1.0,1.0,4,0,0,0,1,6
kevin-wright,kpayson64,20170,1.0,1.0,3,0,0,0,1,4
kevin-wright,mwes,20170,1.0,1.0,0,0,0,0,1,4
kevin-wright,nathanielmanistaatgoogle,20170,1.0,1.0,3,0,0,0,1,4
kkimdev,tbillington,20170,1.0,0.75,9,0,0,0,1,7
kondi,paralin,20170,1.0,1.0,1,0,0,0,1,2
kondi,xogeny,20170,1.0,0.0,0,0,0,0,1,2
konsumer,murgatroid99,20170,1.0,1.0,6,0,0,0,1,7
konsumer,pollen8,20170,1.0,1.0,12,0,0,0,1,8
kpayson64,MaxDesiatov,20170,0.0,1.0,0,0,0,0,1,2
kpayson64,ProLoDs,20170,1.0,1.0,1,0,0,0,1,2
kpayson64,lukesneeringer,20170,1.0,1.0,14,0,0,0,2,14
kpayson64,lyuxuan,20170,1.0,1.0,1,0,0,0,1,2
kpayson64,makdharma,20170,1.0,1.0,5,0,0,0,3,8
kpayson64,markdroth,20170,0.835,1.0,6,0,0,0,2,8
kpayson64,marshallbrekka,20170,1.0,1.0,4,0,0,0,1,5
kpayson64,matt-kwong,20170,1.0,1.0,6,0,0,0,3,9
kpayson64,mehrdada,20170,1.0,0.335,2,0,0,0,2,6
kpayson64,mjhoffman65,20170,1.0,1.0,1,0,0,0,1,2
kpayson64,murgatroid99,20170,1.0,1.0,2,0,0,0,2,4
kpayson64,muxi,20170,1.0,1.0,1,0,0,0,1,2
kpayson64,mwes,20170,1.0,1.0,0,0,0,0,1,2
kpayson64,nathanielmanistaatgoogle,20170,1.0,0.9117647058823528,25,0,1,0,17,47
kpayson64,ncteisen,20170,0.6699999999999999,1.0,2,0,0,0,1,4
kpayson64,nicolasnoble,20170,1.0,0.75,13,0,2,0,4,19
kpayson64,public,20170,1.0,1.0,10,0,0,0,1,7
kpayson64,ramurti,20170,1.0,1.0,0,0,0,0,1,2
kpayson64,rnburn,20170,1.0,1.0,2,0,0,0,1,3
kpayson64,soltanmm-google,20170,0.6666666666666666,0.6666666666666666,40,1,0,0,3,20
kpayson64,sreecha,20170,1.0,1.0,12,0,0,0,3,13
kpayson64,sulliwane,20170,1.0,0.915,5,0,0,0,2,9
kpayson64,tedsuo,20170,1.0,1.0,1,0,0,0,1,4
kpayson64,theacodes,20170,1.0,0.93,32,0,0,0,2,16
kpayson64,therc,20170,1.0,1.0,2,0,0,0,1,3
kpayson64,timfeirg,20170,1.0,1.0,2,0,0,0,1,3
kpayson64,tonicbupt,20170,1.0,1.0,6,0,0,0,1,5
kpayson64,umairda,20170,1.0,1.0,1,0,0,0,1,2
kpayson64,vetyy,20170,1.0,1.0,1,0,0,0,1,2
kpayson64,vjpai,20170,1.0,1.0,16,0,0,0,3,14
kpayson64,wtanaka,20170,1.0,1.0,1,0,0,0,1,2
kpayson64,y-zeng,20170,1.0,1.0,0,0,0,0,1,2
kprakasam,nicolasnoble,20170,1.0,1.0,4,0,0,0,1,6
kskalski,nicolasnoble,20170,1.0,1.0,1,0,0,0,1,3
kskalski,podsvirov,20170,0.33,1.0,4,0,0,0,1,7
kuscsik,vjpai,20170,1.0,0.83,12,3,6,0,1,11
lanttu,murgatroid99,20170,1.0,1.0,4,0,0,0,2,7
lanttu,paralin,20170,1.0,1.0,1,0,0,0,1,3
lcdupree,vjpai,20170,1.0,1.0,0,0,0,0,1,3
legendpeng,lukaszx0,20170,1.0,0.0,0,1,0,0,1,2
legendpeng,zhangkun83,20170,1.0,1.0,0,0,0,0,1,2
leodesigner,No9,20170,1.0,1.0,0,0,0,0,1,2
leodesigner,xorander00,20170,1.0,1.0,0,0,0,0,1,2
leragequit,murgatroid99,20170,1.0,1.0,1,0,0,0,1,3
lightyang,pcj,20170,1.0,1.0,1,0,0,0,1,2
llchan,nicolasnoble,20170,1.0,1.0,0,0,0,0,1,2
llchan,sesse,20170,1.0,1.0,1,0,0,0,1,2
lostobject,yashton,20170,1.0,1.0,3,0,0,0,1,6
lukaszx0,zhangkun83,20170,0.0,1.0,0,0,0,0,1,2
lukesneeringer,ProLoDs,20170,1.0,1.0,2,0,0,0,1,4
lukesneeringer,nathanielmanistaatgoogle,20170,1.0,1.0,2,0,0,0,1,5
lukesneeringer,theacodes,20170,1.0,0.86,12,2,2,0,1,11
lunemec,uguessmyid,20170,1.0,1.0,2,0,0,0,1,5
lyuxuan,murgatroid99,20170,1.0,1.0,1,0,0,0,1,2
lyuxuan,nathanielmanistaatgoogle,20170,1.0,1.0,4,0,0,0,2,6
lyuxuan,sreecha,20170,1.0,1.0,3,0,0,0,2,5
lyuxuan,sztomi,20170,1.0,1.0,4,0,0,0,1,6
lyuxuan,vjpai,20170,1.0,1.0,2,0,0,0,2,4
macnibblet,nathanielmanistaatgoogle,20170,0.6,1.0,13,2,1,0,1,12
maiorfi-at-innovactive,tasoss,20170,1.0,1.0,2,0,2,0,1,3
maiorfi-at-innovactive,vadimi,20170,1.0,1.0,0,0,0,0,1,2
makdharma,markdroth,20170,1.0,1.0,10,0,0,0,3,11
makdharma,matt-kwong,20170,0.5,0.6666666666666666,2,0,0,1,3,8
makdharma,murgatroid99,20170,0.75,1.0,3,0,0,0,4,8
makdharma,muxi,20170,1.0,0.8888888888888888,14,0,0,0,9,27
makdharma,nathanielmanistaatgoogle,20170,1.0,1.0,4,0,0,0,4,8
makdharma,ncteisen,20170,1.0,1.0,8,0,0,0,5,13
makdharma,nicolasnoble,20170,0.9166666666666666,0.6666666666666666,4,0,0,0,3,9
makdharma,rolandomar,20170,1.0,1.0,2,0,0,0,1,3
makdharma,vjpai,20170,1.0,0.0,0,0,0,0,1,2
makdharma,y-zeng,20170,1.0,1.0,3,0,0,0,2,5
makdharma,yang-g,20170,0.5,1.0,1,0,0,0,2,5
makroiss,nathanielmanistaatgoogle,20170,1.0,0.86,24,1,0,0,1,12
malexzx,swingfield,20170,1.0,1.0,1,0,0,0,1,2
marcelcorso,skormel,20170,1.0,1.0,4,0,0,0,1,4
marcelcorso,stanley-cheung,20170,1.0,0.6,6,0,0,0,1,7
markdroth,Retik,20170,1.0,1.0,2,0,0,0,1,3
markdroth,matt-kwong,20170,1.0,1.0,2,0,0,0,1,3
markdroth,mehrdada,20170,0.915,1.0,13,0,0,0,2,12
markdroth,murgatroid99,20170,0.875,0.95,12,1,0,1,4,16
markdroth,muxi,20170,1.0,0.75,8,0,0,0,4,17
markdroth,nathanielmanistaatgoogle,20170,1.0,1.0,1,0,0,0,1,2
markdroth,ncteisen,20170,0.8325,0.9175,7,1,0,2,4,14
markdroth,nicolasnoble,20170,1.0,1.0,1,0,0,0,1,2
markdroth,sreecha,20170,0.0,1.0,0,1,0,0,1,2
markdroth,vjpai,20170,0.75,1.0,18,0,0,0,4,15
markdroth,wenbozhu,20170,1.0,1.0,2,0,0,0,1,3
markdroth,y-zeng,20170,0.8066666666666666,1.0,16,5,3,0,3,20
markdroth,yang-g,20170,0.8333333333333334,1.0,2,0,0,0,3,8
markdroth,yihuazhang,20170,1.0,0.6699999999999999,1,0,0,0,1,4
marshallbrekka,nathanielmanistaatgoogle,20170,1.0,1.0,0,0,0,0,1,5
marshallbrekka,sulliwane,20170,1.0,1.0,4,0,0,0,1,5
marshallbrekka,vetyy,20170,1.0,1.0,4,0,0,0,1,5
mastahyeti,nicolasnoble,20170,0.0,1.0,0,1,0,0,1,4
mastergberry,murgatroid99,20170,0.6699999999999999,1.0,4,0,0,0,1,7
matt-kwong,murgatroid99,20170,0.9670000000000001,0.867,14,0,0,0,10,27
matt-kwong,muxi,20170,1.0,1.0,25,0,0,0,6,23
matt-kwong,nathanielmanistaatgoogle,20170,1.0,0.7,1,1,0,0,4,13
matt-kwong,ncteisen,20170,1.0,1.0,17,0,0,0,4,18
matt-kwong,nicolasnoble,20170,0.8333333333333334,0.9166666666666666,6,0,0,0,6,16
matt-kwong,stanley-cheung,20170,0.835,1.0,4,0,0,0,2,7
matt-kwong,thunderboltsid,20170,0.6666666666666666,1.0,2,1,2,0,3,7
matt-kwong,yongni,20170,1.0,1.0,4,0,0,0,2,6
mattheworiordan,SimonWoolf,20170,1.0,1.0,2,0,2,0,1,4
mattheworiordan,murgatroid99,20170,1.0,0.6666666666666666,28,0,2,0,3,18
mattheworiordan,ofrobots,20170,1.0,1.0,6,0,0,0,1,8
mattolson,Possum3D,20170,1.0,1.0,0,0,0,0,1,3
mattolson,murgatroid99,20170,1.0,1.0,0,0,0,0,1,2
mattolson,netwww1,20170,1.0,1.0,0,0,0,0,1,2
mattolson,zackangelo,20170,1.0,1.0,0,0,0,0,1,2
maxkondr,Olical,20170,0.83,1.0,8,0,0,0,1,8
mcos,stanley-cheung,20170,1.0,0.835,3,1,0,0,2,7
mehrdada,RedVinchenzo,20170,1.0,1.0,1,0,0,0,1,2
mehrdada,Rikorose,20170,1.0,1.0,1,0,0,0,1,2
mehrdada,TigerLau1985,20170,1.0,1.0,3,0,0,0,1,4
mehrdada,msmania,20170,1.0,1.0,0,0,0,0,1,2
mehrdada,murgatroid99,20170,1.0,1.0,2,0,0,0,3,10
mehrdada,naokato,20170,1.0,1.0,1,0,0,0,1,2
mehrdada,nathanielmanistaatgoogle,20170,0.8958333333333334,0.8608333333333333,29,1,0,0,12,48
mehrdada,ncteisen,20170,1.0,1.0,0,0,0,0,1,2
mehrdada,nicolasnoble,20170,1.0,0.625,4,2,0,0,4,11
mehrdada,ntindall,20170,1.0,1.0,3,0,1,0,1,5
mehrdada,paralin,20170,1.0,0.0,0,0,0,0,1,2
mehrdada,patricia93sousa,20170,1.0,1.0,1,0,0,0,1,2
mehrdada,pavamana1123,20170,1.0,1.0,0,0,0,0,1,2
mehrdada,relwell,20170,1.0,1.0,0,0,0,0,1,2
mehrdada,rhertzog,20170,1.0,1.0,1,0,1,0,1,2
mehrdada,rnburn,20170,0.5,1.0,0,0,0,0,2,5
mehrdada,scottbez1,20170,1.0,1.0,3,0,0,0,1,4
mehrdada,sgleizes,20170,1.0,1.0,1,0,0,0,1,2
mehrdada,silkentrance,20170,1.0,1.0,2,0,0,0,1,4
mehrdada,sofo23,20170,1.0,1.0,3,0,0,0,1,5
mehrdada,spielmannj,20170,1.0,1.0,3,0,0,0,1,4
mehrdada,suchisubhra,20170,1.0,1.0,0,0,0,0,1,2
mehrdada,tedsuo,20170,0.0,1.0,0,2,0,0,1,4
mehrdada,tejasmanohar,20170,1.0,1.0,1,0,1,0,1,3
mehrdada,timmyzaid,20170,1.0,1.0,12,0,0,0,1,7
mehrdada,tonobo,20170,1.0,1.0,1,0,0,0,1,2
mehrdada,tundratim,20170,1.0,1.0,4,0,0,0,1,5
mehrdada,twe4ked,20170,1.0,1.0,1,0,1,0,1,3
mehrdada,valorcurse,20170,1.0,1.0,1,0,0,0,1,2
mehrdada,velenoise,20170,1.0,1.0,0,0,0,0,1,3
mehrdada,vjpai,20170,1.0,1.0,3,0,0,0,1,4
mehrdada,xorander00,20170,1.0,0.8,6,0,0,0,1,7
mehrdada,yang-g,20170,1.0,1.0,1,0,0,0,1,3
menghanl,muxi,20170,1.0,1.0,2,0,0,0,1,3
menghanl,rogerza,20170,1.0,1.0,1,0,0,0,1,2
michaelbausor,stanley-cheung,20170,1.0,1.0,2,0,0,0,1,4
mike07026,yang-g,20170,1.0,0.0,0,0,0,0,1,3
mjamaloney,nicolasnoble,20170,1.0,1.0,0,0,0,0,1,2
mjhoffman65,wtanaka,20170,1.0,1.0,1,0,0,0,1,2
mkvonarx,murgatroid99,20170,1.0,1.0,1,0,0,0,1,2
mkvonarx,pdf13,20170,1.0,1.0,1,0,0,0,1,2
mkvonarx,rdsedmundo,20170,1.0,1.0,1,0,0,0,1,2
mrapavy,NGNeer,20170,1.0,0.8,2,0,0,0,1,6
mshiryaev,wconstab,20170,1.0,1.0,0,0,0,0,1,2
murgatroid99,Op3n4M3,20170,1.0,1.0,2,0,0,0,1,3
murgatroid99,PiotrSikora,20170,1.0,0.0,0,0,0,0,1,2
murgatroid99,Possum3D,20170,1.0,1.0,2,0,0,0,1,3
murgatroid99,Robbilie,20170,1.0,1.0,63,0,0,0,1,18
murgatroid99,RomanYankovsky,20170,0.89,0.0,1,0,0,1,1,10
murgatroid99,SimonWoolf,20170,1.0,1.0,1,0,1,0,1,4
murgatroid99,muxi,20170,1.0,1.0,18,0,0,0,13,31
murgatroid99,nathanielmanistaatgoogle,20170,1.0,1.0,10,0,0,0,9,19
murgatroid99,ncteisen,20170,1.0,1.0,1,0,0,0,1,2
murgatroid99,netwww1,20170,1.0,1.0,1,0,0,0,1,2
murgatroid99,newtonapple,20170,1.0,0.6699999999999999,6,0,0,0,1,6
murgatroid99,nicolasnoble,20170,0.9755555555555556,0.8333333333333334,32,0,0,0,9,37
murgatroid99,nikhilkalige,20170,1.0,1.0,1,0,0,0,1,2
murgatroid99,ntindall,20170,1.0,1.0,4,0,0,0,1,5
murgatroid99,ofrobots,20170,1.0,0.5,4,0,0,0,2,9
murgatroid99,paralin,20170,0.956,0.76,33,2,0,2,5,29
murgatroid99,pcarrier,20170,1.0,1.0,0,0,0,0,1,2
murgatroid99,pdf13,20170,1.0,1.0,1,0,0,0,1,2
murgatroid99,pepperkick,20170,0.89,1.0,32,0,0,0,1,13
murgatroid99,pollen8,20170,1.0,1.0,2,0,0,0,1,3
murgatroid99,prescottprue,20170,1.0,1.0,1,0,0,0,1,2
murgatroid99,rafaelsales,20170,1.0,1.0,2,0,0,0,1,4
murgatroid99,raghavchandra,20170,1.0,1.0,2,0,0,0,1,3
murgatroid99,ramirezd42,20170,1.0,1.0,0,0,0,0,1,2
murgatroid99,raviqqe,20170,1.0,1.0,4,0,0,0,1,4
murgatroid99,rdsedmundo,20170,1.0,1.0,1,0,0,0,1,2
murgatroid99,relwell,20170,1.0,1.0,3,0,0,0,2,5
murgatroid99,rnburn,20170,1.0,1.0,2,0,0,0,1,3
murgatroid99,rogerbell82,20170,1.0,1.0,2,0,0,0,1,3
murgatroid99,sackio,20170,1.0,0.89,2,0,0,0,3,9
murgatroid99,samphippen,20170,0.75,1.0,3,1,0,0,1,6
murgatroid99,savagecm,20170,1.0,1.0,1,0,0,0,1,2
murgatroid99,siacomuzzi,20170,0.6666666666666666,1.0,2,1,0,0,3,8
murgatroid99,slootzky,20170,1.0,1.0,4,0,0,0,1,4
murgatroid99,smulikHakipod,20170,1.0,1.0,2,0,0,0,1,3
murgatroid99,sreecha,20170,1.0,1.0,2,0,0,0,1,3
murgatroid99,stanley-cheung,20170,1.0,1.0,11,0,0,0,4,16
murgatroid99,stepancheg,20170,1.0,1.0,0,0,0,0,1,2
murgatroid99,stephenplusplus,20170,0.978,1.0,21,1,0,0,5,26
murgatroid99,sulliwane,20170,0.6666666666666666,1.0,0,0,0,0,3,7
murgatroid99,tbillington,20170,1.0,1.0,1,0,0,0,1,2
murgatroid99,tbranyen,20170,1.0,1.0,6,0,0,0,1,7
murgatroid99,tejasmanohar,20170,1.0,1.0,4,0,0,0,2,8
murgatroid99,tracker1,20170,1.0,1.0,1,0,0,0,1,2
murgatroid99,twk3,20170,1.0,1.0,1,0,0,0,1,2
murgatroid99,unbornchikken,20170,1.0,1.0,0,0,0,0,1,4
murgatroid99,vanthome,20170,1.0,1.0,3,0,0,0,1,4
murgatroid99,vedant15,20170,1.0,1.0,8,0,0,0,1,8
murgatroid99,vertiman,20170,1.0,1.0,2,0,0,0,1,3
murgatroid99,vjpai,20170,1.0,1.0,1,0,0,0,2,4
murgatroid99,walshe,20170,1.0,1.0,6,0,0,0,1,5
murgatroid99,wenbozhu,20170,1.0,1.0,5,0,0,0,2,6
murgatroid99,willdzeng,20170,1.0,0.5,1,0,0,0,1,3
murgatroid99,xuqingsz,20170,1.0,1.0,0,0,0,0,1,5
murgatroid99,y-zeng,20170,1.0,1.0,3,0,0,0,1,4
murgatroid99,yancl,20170,1.0,1.0,0,0,0,0,1,2
murgatroid99,yang-g,20170,1.0,1.0,4,0,0,0,3,7
murgatroid99,ychen11,20170,1.0,1.0,1,0,0,0,1,2
murgatroid99,zackangelo,20170,1.0,1.0,1,0,0,0,1,2
muxi,nathanielmanistaatgoogle,20170,1.0,1.0,13,0,0,0,8,20
muxi,ncteisen,20170,1.0,1.0,5,0,0,0,4,9
muxi,nicolasnoble,20170,1.0,1.0,2,0,0,0,1,3
muxi,rjshade,20170,1.0,1.0,6,0,0,0,1,6
muxi,samskiter,20170,1.0,1.0,1,0,0,0,1,2
muxi,sayrer,20170,1.0,1.0,2,0,0,0,1,4
muxi,swfeng,20170,1.0,0.0,0,1,0,0,1,3
muxi,thassss,20170,1.0,1.0,1,0,1,0,1,4
muxi,thomasvl,20170,0.88,0.0,1,1,0,1,1,9
muxi,vjpai,20170,1.0,1.0,1,0,0,0,1,2
muxi,willks,20170,1.0,0.0,0,0,0,0,1,2
muxi,wuurrd,20170,1.0,1.0,0,0,0,0,1,2
muxi,yang-g,20170,1.0,1.0,5,0,0,0,5,10
muxi,zingwin,20170,1.0,1.0,1,0,0,0,1,3
muxi,zinuga,20170,1.0,1.0,2,0,0,0,1,4
mwennrich,xorander00,20170,1.0,1.0,0,0,0,0,1,2
mwes,nathanielmanistaatgoogle,20170,1.0,1.0,0,0,0,0,1,2
nathanielmanistaatgoogle,ProLoDs,20170,1.0,1.0,2,0,0,0,1,3
nathanielmanistaatgoogle,Slonegg,20170,1.0,0.0,0,0,0,0,1,2
nathanielmanistaatgoogle,naveensinghal,20170,1.0,1.0,0,0,0,0,1,4
nathanielmanistaatgoogle,ncteisen,20170,1.0,0.9175,21,2,0,0,4,21
nathanielmanistaatgoogle,nicolasnoble,20170,0.9440000000000002,0.8,10,1,0,1,5,26
nathanielmanistaatgoogle,nirenrc,20170,0.89,0.0,1,1,0,1,1,10
nathanielmanistaatgoogle,python-lamer,20170,1.0,1.0,0,0,0,0,1,2
nathanielmanistaatgoogle,rnburn,20170,1.0,1.0,7,0,1,0,2,12
nathanielmanistaatgoogle,scottbez1,20170,0.83,1.0,3,0,0,0,1,7
nathanielmanistaatgoogle,shaoweipng,20170,1.0,1.0,1,0,0,0,1,2
nathanielmanistaatgoogle,sofo23,20170,0.83,1.0,5,1,2,0,1,8
nathanielmanistaatgoogle,soltanmm,20170,0.93,1.0,43,0,0,0,2,19
nathanielmanistaatgoogle,soltanmm-google,20170,1.0,0.8571428571428571,10,1,0,0,7,20
nathanielmanistaatgoogle,speedplane,20170,0.5,1.0,1,0,0,0,1,3
nathanielmanistaatgoogle,spielmannj,20170,0.83,1.0,3,0,0,0,1,7
nathanielmanistaatgoogle,spikecurtis,20170,1.0,1.0,1,0,0,0,1,2
nathanielmanistaatgoogle,sreecha,20170,1.0,1.0,2,0,0,0,1,3
nathanielmanistaatgoogle,stevec2810,20170,0.89,0.81,88,4,1,3,1,25
nathanielmanistaatgoogle,stollcri,20170,1.0,1.0,0,0,0,0,1,2
nathanielmanistaatgoogle,sulliwane,20170,1.0,0.9575,8,0,0,0,4,15
nathanielmanistaatgoogle,tedsuo,20170,1.0,1.0,3,0,0,0,2,9
nathanielmanistaatgoogle,theacodes,20170,1.0,0.86,5,0,0,0,1,8
nathanielmanistaatgoogle,therc,20170,0.5,1.0,2,0,0,0,1,4
nathanielmanistaatgoogle,thinkerou,20170,1.0,1.0,4,0,0,0,1,6
nathanielmanistaatgoogle,thunderboltsid,20170,0.95,1.0,4,1,0,0,4,15
nathanielmanistaatgoogle,timmyzaid,20170,0.83,1.0,12,0,0,0,1,10
nathanielmanistaatgoogle,tundratim,20170,0.5,1.0,2,1,0,0,1,5
nathanielmanistaatgoogle,vapier,20170,1.0,0.5,2,2,0,0,1,6
nathanielmanistaatgoogle,vetyy,20170,1.0,1.0,0,0,0,0,1,2
nathanielmanistaatgoogle,vjpai,20170,0.9,1.0,9,0,0,0,5,16
nathanielmanistaatgoogle,vyper,20170,1.0,1.0,1,0,0,0,1,2
nathanielmanistaatgoogle,wisotzky,20170,1.0,0.7150000000000001,4,0,0,0,2,10
nathanielmanistaatgoogle,xorander00,20170,0.5,0.8,4,1,0,1,1,7
nathanielmanistaatgoogle,y-zeng,20170,1.0,1.0,2,0,0,0,2,4
nathanielmanistaatgoogle,yang-g,20170,1.0,1.0,1,0,0,0,1,2
naveensinghal,soltanmm-google,20170,1.0,1.0,0,0,0,0,1,3
ncteisen,nicolasnoble,20170,1.0,1.0,3,0,0,0,2,5
ncteisen,ojmakke,20170,1.0,0.5,1,1,0,0,1,4
ncteisen,patricia93sousa,20170,0.6699999999999999,1.0,3,1,1,0,1,6
ncteisen,suchisubhra,20170,1.0,1.0,1,0,0,0,1,2
ncteisen,velenoise,20170,1.0,1.0,2,0,0,0,1,3
ncteisen,vinvinod,20170,1.0,1.0,0,0,0,0,1,2
ncteisen,vjpai,20170,1.0,1.0,21,0,0,0,2,11
ncteisen,willoch,20170,1.0,0.0,0,0,0,0,1,2
ncteisen,y-zeng,20170,1.0,1.0,2,0,0,0,4,8
ncteisen,yang-g,20170,1.0,1.0,14,0,0,0,6,18
ncteisen,yongni,20170,1.0,1.0,0,0,0,0,1,2
ncteisen,yyh-graphsql,20170,1.0,1.0,8,0,0,0,1,7
ndandanov,nicolasnoble,20170,1.0,0.0,0,2,0,0,1,3
ndandanov,nwoeanhinnogaehr,20170,1.0,0.0,0,2,0,0,1,3
netwww1,Possum3D,20170,1.0,1.0,2,0,0,0,1,3
netwww1,zackangelo,20170,1.0,1.0,1,0,0,0,1,2
nicolasnoble,PiotrSikora,20170,0.0,0.0,1,0,0,1,1,2
nicolasnoble,RedL0tus,20170,1.0,1.0,1,0,0,0,1,2
nicolasnoble,nirenrc,20170,0.0,0.0,1,0,0,1,1,2
nicolasnoble,nwoeanhinnogaehr,20170,0.0,0.0,1,0,0,1,1,2
nicolasnoble,onovotny,20170,1.0,1.0,2,0,0,0,1,3
nicolasnoble,paralin,20170,1.0,0.8,6,0,0,0,1,7
nicolasnoble,pmarks-net,20170,0.0,1.0,0,0,0,0,1,3
nicolasnoble,relwell,20170,0.5,1.0,1,0,0,0,1,3
nicolasnoble,remicollet,20170,1.0,0.0,0,0,0,0,1,2
nicolasnoble,rhertzog,20170,0.5,1.0,0,1,0,0,1,3
nicolasnoble,rjshade,20170,1.0,1.0,1,0,0,0,1,2
nicolasnoble,ruben11291,20170,1.0,1.0,1,0,0,0,1,3
nicolasnoble,scottbez1,20170,1.0,1.0,1,0,0,0,1,2
nicolasnoble,sesse,20170,1.0,1.0,0,0,0,0,1,2
nicolasnoble,siacomuzzi,20170,0.0,1.0,0,1,0,0,1,4
nicolasnoble,sofo23,20170,1.0,1.0,1,0,0,0,1,3
nicolasnoble,soltanmm-google,20170,1.0,1.0,4,0,0,0,1,6
nicolasnoble,spielmannj,20170,1.0,1.0,1,0,0,0,1,2
nicolasnoble,stanley-cheung,20170,1.0,1.0,12,0,1,0,3,16
nicolasnoble,stevec2810,20170,0.0,0.81,3,1,0,3,1,17
nicolasnoble,therc,20170,0.0,1.0,0,1,0,0,1,2
nicolasnoble,timmyzaid,20170,1.0,1.0,4,0,0,0,1,5
nicolasnoble,unicornmafia,20170,0.75,1.0,3,1,0,0,1,6
nicolasnoble,valorcurse,20170,1.0,1.0,1,0,0,0,1,2
nicolasnoble,vjpai,20170,0.8333333333333334,1.0,6,0,0,0,3,11
nicolasnoble,wenbozhu,20170,0.0,1.0,0,0,0,0,1,2
nicolasnoble,y-zeng,20170,1.0,1.0,5,0,0,0,4,11
nicolasnoble,yang-g,20170,1.0,1.0,4,0,0,0,2,6
nicolasnoble,zhengwx11,20170,1.0,1.0,2,0,0,0,1,3
nicolasnoble,zoukyle,20170,1.0,1.0,1,0,0,0,1,2
nirenrc,stevec2810,20170,0.0,0.81,3,1,0,3,1,17
ntindall,tejasmanohar,20170,1.0,1.0,1,0,1,0,1,4
osadalakmal,tgummerer,20170,1.0,0.33,1,0,0,0,1,4
osadalakmal,vjpai,20170,1.0,0.0,0,0,0,0,1,2
paralin,pcarrier,20170,1.0,1.0,0,0,0,0,1,2
paralin,vanthome,20170,1.0,1.0,2,0,0,0,1,3
patricia93sousa,Rikorose,20170,1.0,1.0,1,0,0,0,1,2
patricia93sousa,tuxagon,20170,1.0,0.5,1,1,0,0,1,4
pdf13,rdsedmundo,20170,1.0,1.0,1,0,0,0,1,2
pepperkick,RomanYankovsky,20170,1.0,0.0,0,0,0,0,1,5
pepperkick,stephenplusplus,20170,1.0,1.0,8,0,0,0,1,7
per-gron,yang-g,20170,1.0,1.0,4,0,0,0,1,4
pokidovea,seglberg,20170,1.0,0.5,1,0,0,0,1,3
public,tbillington,20170,1.0,0.0,0,0,0,0,1,2
public,theacodes,20170,1.0,1.0,5,0,0,0,1,6
public,tjerkw,20170,1.0,0.0,0,0,0,0,1,2
python-lamer,stollcri,20170,1.0,1.0,1,0,1,0,1,2
raghavchandra,vertiman,20170,1.0,1.0,1,0,0,0,1,2
raj-nt,stanley-cheung,20170,1.0,1.0,0,0,0,0,1,2
ras0219-msft,Retik,20170,1.0,1.0,1,0,0,0,1,2
raviqqe,rogerbell82,20170,1.0,1.0,2,0,0,0,1,3
raviqqe,slootzky,20170,1.0,1.0,4,0,0,0,1,4
raviqqe,wenbozhu,20170,1.0,1.0,4,0,0,0,1,4
rcoenen,stanley-cheung,20170,1.0,0.6699999999999999,2,0,0,0,1,4
relwell,rnburn,20170,1.0,1.0,1,0,0,0,1,2
remicollet,stanley-cheung,20170,0.0,1.0,0,0,0,0,2,4
remicollet,thinkerou,20170,0.0,1.0,0,0,0,0,1,2
rikuayanokozy,Toldy,20170,1.0,1.0,1,0,0,0,1,2
rjshade,yang-g,20170,1.0,1.0,9,0,0,0,4,18
rnburn,tedsuo,20170,1.0,1.0,12,0,0,0,2,13
robiwano,vjpai,20170,1.0,1.0,0,0,0,0,1,3
rogerbell82,slootzky,20170,1.0,1.0,2,0,0,0,1,3
rogerbell82,wenbozhu,20170,1.0,1.0,2,0,0,0,1,3
ruben11291,vjpai,20170,1.0,1.0,2,0,1,0,1,4
rxbynerd,TooTallNate,20170,0.0,1.0,0,0,0,0,1,2
santarcade,vjpai,20170,1.0,0.0,0,2,0,0,1,3
sayrer,thassss,20170,1.0,1.0,0,0,0,0,1,2
sayrer,zinuga,20170,1.0,1.0,1,0,0,0,1,2
scottbez1,sofo23,20170,1.0,1.0,1,0,0,0,1,3
scottbez1,spielmannj,20170,1.0,1.0,1,0,0,0,1,2
scottbez1,timmyzaid,20170,1.0,1.0,4,0,0,0,1,5
siacomuzzi,wenbozhu,20170,1.0,1.0,2,0,0,0,1,4
skormel,stanley-cheung,20170,1.0,0.6,6,0,0,0,1,7
slootzky,wenbozhu,20170,1.0,1.0,4,0,0,0,1,4
sofo23,spielmannj,20170,1.0,1.0,1,0,0,0,1,3
sofo23,timmyzaid,20170,1.0,1.0,4,0,0,0,1,6
soltanmm,soltanmm-google,20170,1.0,1.0,6,0,0,0,1,5
spielmannj,timmyzaid,20170,1.0,1.0,4,0,0,0,1,5
sreecha,targetnull,20170,1.0,1.0,0,0,0,0,1,3
sreecha,vjpai,20170,1.0,1.0,16,0,0,0,3,14
sreecha,y-zeng,20170,1.0,1.0,0,0,0,0,1,3
sreecha,yongni,20170,1.0,1.0,0,0,0,0,1,2
stanley-cheung,SurferJeffAtGoogle,20170,0.6699999999999999,1.0,2,0,0,0,1,4
stanley-cheung,tbillington,20170,1.0,0.875,3,0,0,0,2,7
stanley-cheung,thinkerou,20170,1.0,1.0,5,0,1,0,3,10
stanley-cheung,tmatsuo,20170,1.0,1.0,2,0,1,0,2,5
stanley-cheung,y-zeng,20170,1.0,1.0,2,0,0,0,1,3
stanley-cheung,yang-g,20170,1.0,1.0,20,0,0,0,1,13
stanley-cheung,yongni,20170,1.0,1.0,6,0,0,0,1,5
stanley-cheung,yzaptx,20170,1.0,1.0,6,0,0,0,1,5
starius,vjpai,20170,1.0,1.0,1,0,0,0,1,3
starius,yang-g,20170,1.0,1.0,2,0,2,0,1,4
suchisubhra,velenoise,20170,1.0,1.0,2,0,0,0,1,3
sulliwane,vetyy,20170,1.0,1.0,1,0,0,0,1,2
sunsided,tuxagon,20170,1.0,1.0,2,0,0,0,1,3
tania-m,tbillington,20170,1.0,1.0,2,0,0,0,1,3
tasoss,vadimi,20170,1.0,1.0,0,0,0,0,1,3
tasoss,workday366,20170,1.0,1.0,1,0,1,0,1,3
tberghammer,unicornmafia,20170,1.0,1.0,1,0,0,0,1,2
tbillington,thinkerou,20170,1.0,1.0,1,0,0,0,1,2
tbillington,tjerkw,20170,0.0,0.0,1,0,0,1,1,2
tgummerer,vjpai,20170,0.33,0.0,2,0,0,2,1,4
thassss,zinuga,20170,1.0,1.0,0,0,0,0,1,2
therc,vjpai,20170,1.0,1.0,6,0,0,0,1,5
timfeirg,tonicbupt,20170,1.0,1.0,3,0,0,0,1,4
tundratim,xorander00,20170,1.0,0.8,7,1,1,0,1,8
victorlin0,vish74,20170,1.0,1.0,2,0,0,0,1,7
vjpai,wcevans,20170,1.0,1.0,2,0,0,0,1,4
vjpai,y-zeng,20170,1.0,1.0,1,0,0,0,2,5
vjpai,yang-g,20170,0.8,1.0,12,0,0,0,5,20
walshe,xuqingsz,20170,1.0,1.0,0,0,0,0,1,4
wcevans,yang-g,20170,1.0,1.0,1,0,1,0,1,3
y-zeng,yang-g,20170,0.75,0.75,3,0,0,1,4,10
y-zeng,zhimingxie,20170,1.0,1.0,4,0,0,0,1,6
yang-g,zhimingxie,20170,1.0,1.0,0,0,0,0,1,2
yurishkuro,zinuga,20170,1.0,1.0,1,0,0,0,1,2
