source,target,weight
kapilreddy,mrdoob,1
mrdoob,shravanimmy,1
kapilreddy,shravanimmy,1
fabricasapiens,mrdoob,1
mrdoob,pyrotechnick,2
fabricasapiens,pyrotechnick,2
lisajamhoury,WaZz2,1
Jairolaya12x,rdad,1
danbri,rdad,2
alteredq,zz85,8
KrisKringle,mrdoob,1
mrdoob,poudro,3
KrisKringle,poudro,3
Mugen87,poudro,3
mrdoob,Mugen87,1
KrisKringle,Mugen87,1
Jakobud,mrdoob,1
mrdoob,zz85,1
Jakobud,zz85,1
mrdoob,ralfnap,4
darve,mrdoob,2
mrdoob,zz85,2
ymmd,zz85,2
darve,zz85,1
mrdoob,ymmd,4
darve,ymmd,2
drsagitn,vance,2
gixo,nriss,2
alteredq,drsagitn,8
flyingdeath,mrdoob,3
mrdoob,wcoebergh,1
flyingdeath,wcoebergh,3
bhupendra1011,corsaronero,2
chandlerprall,lonelydatum,4
landonsilla,mrdoob,2
foobarbecue,mrdoob,1
foobarbecue,landonsilla,2
mrdoob,powerslave,1
linzhp,Sergej-Popov,2
Tobiasartz,WestLangley,2
awe-schaffhausen,WestLangley,1
MatthewRayfield,WestLangley,1
Emanuele-Spatola,WestLangley,1
awe-schaffhausen,Tobiasartz,2
MatthewRayfield,Tobiasartz,2
Emanuele-Spatola,Tobiasartz,2
awe-schaffhausen,MatthewRayfield,1
Emanuele-Spatola,MatthewRayfield,1
awe-schaffhausen,Emanuele-Spatola,1
Landlord-xx,libe,12
libe,WestLangley,4
Landlord-xx,WestLangley,3
gyuque,mrdoob,2
alteredq,mrdoob,1
alteredq,gyuque,2
mrdoob,zz85,2
gyuque,zz85,4
alteredq,zz85,2
mrdoob,Pengeszikra,1
donbright,letmaik,1
dacre-denny,huanghuan,2
huanghuan,mrdoob,1
mrdoob,zz85,2
huanghuan,zz85,2
Wandalen,zz85,2
mrdoob,Wandalen,1
huanghuan,Wandalen,1
chandlerprall,mrdoob,1
lanfeustxiii,mrdoob,1
chandlerprall,lanfeustxiii,1
chandlerprall,whatnext,1
mrdoob,whatnext,1
lanfeustxiii,whatnext,1
mrdoob,schmitzke,2
scald,schmitzke,2
LoicCadour,schmitzke,2
LoicCadour,mrdoob,1
mrdoob,scald,1
LoicCadour,scald,1
alberto2000,etx,2
b-z,etx,2
etx,ghost,2
alberto2000,ghost,1
b-z,ghost,1
etx,martha-anne,6
ghost,martha-anne,3
alberto2000,martha-anne,3
b-z,martha-anne,3
alberto2000,b-z,1
aaaidan,ironbane,4
mrdoob,scottgarner,2
Mugen87,scottgarner,1
mrdoob,Mugen87,2
cipri-tom,mshopf,2
mrdoob,tomconroy,4
elfrank,mrdoob,1
alteredq,arkasia,1
alteredq,mrdoob,1
arkasia,mrdoob,1
codeart1st,mrdoob,14
empaempa,mrdoob,10
codeart1st,empaempa,35
isolin,jacksonloper,1
bartmcleod,bhouston,1
alteredq,mrdoob,1
EskelCz,mrdoob,1
fernandojsg,mrdoob,1
greggman,mrdoob,1
mrdoob,varomix,2
alteredq,varomix,2
EskelCz,varomix,2
fernandojsg,varomix,2
greggman,varomix,2
alteredq,EskelCz,1
alteredq,fernandojsg,1
EskelCz,fernandojsg,1
alteredq,greggman,1
EskelCz,greggman,1
fernandojsg,greggman,1
bhouston,crobi,2
bhouston,lukyer,1
crobi,lukyer,2
bhouston,WestLangley,2
ghost,mrdoob,1
mrdoob,PaulTondeur,3
ghost,PaulTondeur,3
mrdoob,trusktr,1
PaulTondeur,trusktr,3
ghost,trusktr,1
alienlifeform,wivlaro,2
Ganesh2,mrdoob,2
mrdoob,wysnan-wushuangqi,2
Ganesh2,wysnan-wushuangqi,1
timo22345,WestLangley,3
albertopm9,mrdoob,2
bartmcleod,GuyGood,15
danidr,GuyGood,15
bartmcleod,danidr,9
DavidSouther,t-oster,1
lahiru1991,t-oster,1
DavidSouther,lahiru1991,1
mypuem,rastafermo,1
brokedRobot,danielribeiro,2
danielribeiro,stemkoski,1
mrdoob,stemkoski,4
Slayvin,stemkoski,2
MiiBond,stemkoski,1
MKHenson,stemkoski,2
Digitoxin,stemkoski,1
brokedRobot,stemkoski,2
jbouny,stemkoski,1
danielribeiro,mrdoob,4
MiiBond,mrdoob,4
MKHenson,mrdoob,8
Digitoxin,mrdoob,4
brokedRobot,mrdoob,8
jbouny,mrdoob,4
danielribeiro,Slayvin,2
mrdoob,Slayvin,8
MiiBond,Slayvin,2
MKHenson,Slayvin,4
Digitoxin,Slayvin,2
brokedRobot,Slayvin,4
jbouny,Slayvin,2
danielribeiro,MiiBond,1
Digitoxin,MiiBond,1
brokedRobot,MiiBond,2
jbouny,MiiBond,1
danielribeiro,MKHenson,2
MiiBond,MKHenson,2
Digitoxin,MKHenson,2
brokedRobot,MKHenson,4
jbouny,MKHenson,2
danielribeiro,Digitoxin,1
brokedRobot,Digitoxin,2
danielribeiro,zz85,1
stemkoski,zz85,1
mrdoob,zz85,4
Slayvin,zz85,2
MiiBond,zz85,1
MKHenson,zz85,2
Digitoxin,zz85,1
brokedRobot,zz85,2
jbouny,zz85,1
danielribeiro,jbouny,1
Digitoxin,jbouny,1
brokedRobot,jbouny,2
mrdoob,WestLangley,8
gregtatum,WestLangley,4
martinleopold,WestLangley,4
WestLangley,zz85,8
mrdoob,zz85,4
gregtatum,zz85,2
martinleopold,zz85,2
gregtatum,mrdoob,2
martinleopold,mrdoob,2
gregtatum,martinleopold,1
gero3,mrdoob,2
gero3,repsac,1
mrdoob,repsac,2
ricserje,zz85,2
mrdoob,Usnul,1
mrdoob,zz85,1
Usnul,zz85,1
ekatzenstein,mrdoob,4
koseki,mrdoob,3
ekatzenstein,koseki,12
Doidel,mrdoob,1
mrdoob,zz85,3
erichlof,zz85,6
erichlof,mrdoob,2
mikesherov,mrdoob,2
mrdoob,zz85,8
mikesherov,zz85,4
Nimanf,WestLangley,1
looeee,mrdoob,1
JackC09,mrdoob,1
JackC09,looeee,1
danahartweg,WestLangley,4
mrdoob,WestLangley,2
danahartweg,mrdoob,2
tranek,WestLangley,3
daoshengmu,mrdoob,3
daoshengmu,Usnul,1
mrdoob,Usnul,3
squarefeet,zz85,1
Mo1999,WestLangley,1
mrdoob,WestLangley,1
Mo1999,mrdoob,1
gwink,mrdoob,6
jicksta,mrdoob,3
gwink,jicksta,18
GuillaumeLeclerc,mrdoob,2
cliffhall,mrdoob,2
mrdoob,TheJim01,2
GuillaumeLeclerc,TheJim01,1
cliffhall,TheJim01,1
mrdoob,WestLangley,2
TheJim01,WestLangley,1
GuillaumeLeclerc,WestLangley,1
cliffhall,WestLangley,1
cliffhall,GuillaumeLeclerc,1
kintel,mrdoob,3
mrdoob,rchadwic,1
mrdoob,titansoftime,1
rchadwic,titansoftime,1
mrdoob,WestLangley,1
mrdoob,WestLangley,1
RunninglVlan,WestLangley,1
looeee,WestLangley,1
looeee,mrdoob,1
mrdoob,RunninglVlan,1
looeee,RunninglVlan,1
Hectate,mrdoob,2
Itee,mrdoob,2
backspaces,mrdoob,2
mrdoob,WestLangley,2
Hectate,WestLangley,1
Itee,WestLangley,1
backspaces,WestLangley,1
backspaces,Hectate,1
Hectate,Itee,1
backspaces,Itee,1
mrdoob,Zob1,1
erichlof,mrdoob,1
EskelCz,mrdoob,1
gravi2,zz85,1
samteb,zz85,1
pineliu,zz85,1
gravi2,samteb,1
pineliu,samteb,1
gravi2,pineliu,1
bhouston,mrdoob,2
makc,mrdoob,2
mrdoob,WestLangley,2
bhouston,WestLangley,1
makc,WestLangley,1
bhouston,makc,1
froh,WestLangley,2
antont,princemio,2
mrdoob,princemio,2
antont,mrdoob,1
bhouston,WestLangley,2
dmarcos,mrdoob,1
brianpeiris,mrdoob,1
brianpeiris,dmarcos,1
benaadams,mrdoob,1
brianpeiris,mrdoob,2
benaadams,mrdoob,1
bhouston,erich666,1
daoshengmu,erich666,2
erich666,mrdoob,1
bhouston,mrdoob,1
daoshengmu,mrdoob,2
bhouston,daoshengmu,2
getzelone,RemusMar,2
hotohoto,WestLangley,1
tiansijie,WestLangley,1
MasterJames,mrdoob,3
mrdoob,rustinlee,1
mrdoob,rohan-deshpande,1
hxnan,tschw,1
benaadams,gero3,1
benaadams,mrdoob,2
gero3,mrdoob,2
mrdoob,titansoftime,1
dubejf,mrdoob,1
mrdoob,WestLangley,2
saisoft00,stevensanborn,2
njam,tschw,2
mrdoob,tschw,2
mrdoob,njam,1
GGAlanSmithee,mrdoob,2
bsergean,whatisor,2
dbkaplun,whatisor,2
dukuo,whatisor,4
bsergean,dbkaplun,1
bsergean,dukuo,2
dbkaplun,dukuo,2
bhouston,mrdoob,1
donmccurdy,mrdoob,1
bhouston,donmccurdy,1
kylegmaxwell,rimmartin,1
charliestirk,rimmartin,1
charliestirk,kylegmaxwell,1
erichlof,krusk,4
jniac,mrdoob,1
duhaime,mrdoob,1
mrdoob,NicolasRannou,2
jniac,NicolasRannou,2
duhaime,NicolasRannou,2
mrdoob,tforgione,1
NicolasRannou,tforgione,2
jniac,tforgione,1
duhaime,tforgione,1
duhaime,jniac,1
mrdoob,yomboprime,1
tamarintech,yomboprime,4
mrdoob,tamarintech,4
mrdoob,titansoftime,2
mjenek,titansoftime,2
megaturbo,titansoftime,2
mjenek,mrdoob,1
megaturbo,mrdoob,1
megaturbo,mjenek,1
kintel,mrdoob,1
kintel,WestLangley,2
mrdoob,WestLangley,2
bhouston,gero3,10
bhouston,mrdoob,8
gero3,mrdoob,20
GGAlanSmithee,mrdoob,4
kintel,mrdoob,8
bhouston,GGAlanSmithee,2
gero3,GGAlanSmithee,5
bhouston,WestLangley,4
gero3,WestLangley,10
mrdoob,WestLangley,8
GGAlanSmithee,WestLangley,2
kintel,WestLangley,4
bhouston,kintel,4
gero3,kintel,10
GGAlanSmithee,kintel,2
ad34,mrdoob,2
mrdoob,sonwh98,4
ad34,sonwh98,2
mrdoob,titansoftime,1
pjanik,titansoftime,1
mrdoob,pjanik,1
gregtatum,pieteradejong,3
arturitu,mrdoob,2
mrdoob,PaulSos,1
arturitu,PaulSos,2
mrdoob,WestLangley,1
makc,mrdoob,1
mrdoob,simonThiele,2
makc,simonThiele,2
bhouston,WestLangley,2
bhouston,mrdoob,1
Crisium,mrdoob,2
bhouston,MasterJames,1
Javingka,mrdoob,4
Claod44,mpaccione,2
MasterJames,mrdoob,2
kenrussell,mrdoob,2
kenrussell,MasterJames,1
Immugio,mrdoob,2
jhelf,mrdoob,1
brianpeiris,EliasHasle,1
bakajin,dolanmiu,2
dolanmiu,titansoftime,1
bakajin,titansoftime,2
gormat,titansoftime,2
dolanmiu,gormat,2
bakajin,gormat,4
jmstein,WestLangley,1
arodic,WestLangley,1
sjlynch,WestLangley,1
arodic,sjlynch,1
blahmonkey,ByDenis,2
Makio64,mrdoob,1
MasterJames,Wilt,2
donmccurdy,wavesoft,1
chenye0,mrdoob,2
mrdoob,SonicSerpentine,1
chenye0,SonicSerpentine,2
mpk,mrdoob,1
bhouston,mrdoob,1
bhouston,mpk,1
mrdoob,robertoranon,1
mpk,robertoranon,1
bhouston,robertoranon,1
danrossi,mrdoob,1
gsabran,mrdoob,1
danrossi,gsabran,1
mrdoob,terkelg,1
danrossi,terkelg,1
gsabran,terkelg,1
bhouston,MasterJames,1
bhouston,mattdesl,3
h1Modeling,mrdoob,1
kylegmaxwell,mrdoob,2
h1Modeling,kylegmaxwell,2
DiogenesSyndrome,gak2,2
gak2,varumora,1
DiogenesSyndrome,varumora,2
Len0re,varumora,1
gak2,Len0re,1
DiogenesSyndrome,Len0re,2
andreykaipov,jonnenauha,2
jonnenauha,pinkwerks,2
andreykaipov,pinkwerks,1
huningxin,mrdoob,2
arturitu,mrdoob,2
AndrewRayCode,mrdoob,2
insominx,mrdoob,2
MaikSoriano,mrdoob,2
AndrewRayCode,arturitu,1
arturitu,insominx,1
AndrewRayCode,insominx,1
arturitu,MaikSoriano,1
AndrewRayCode,MaikSoriano,1
insominx,MaikSoriano,1
mrdoob,sjpt,1
kdamar3,Mugen87,1
mateidragos,mrdoob,4
trumanus,tschw,1
raptor3d,tschw,1
raptor3d,trumanus,1
mrdoob,WestLangley,2
serenayl,WestLangley,2
tschw,WestLangley,1
mrdoob,serenayl,4
mrdoob,tschw,2
serenayl,tschw,2
bhouston,mrdoob,2
imm3lman,mrdoob,1
mrdoob,oomarsmanoo,1
imm3lman,oomarsmanoo,1
bhouston,mrdoob,1
bhouston,mrdoob,1
bhouston,mrdoob,2
Ludobaka,mrdoob,1
bhouston,Ludobaka,2
mrdoob,valette,1
jonnenauha,Rendxx,1
aramavetisyan,Rendxx,1
aramavetisyan,jonnenauha,1
fallingC0de,kenrussell,1
kenrussell,mrdoob,1
fallingC0de,mrdoob,1
fleduc,mrdoob,1
jonnenauha,mrdoob,2
fleduc,jonnenauha,2
evshiron,phfatmonkey,1
flimshaw,phfatmonkey,1
evshiron,flimshaw,1
mrdoob,WestLangley,2
BenCidPerez,mrdoob,1
borismus,toji,1
bhouston,sunag,1
Lynxgsm,TingYinHelen,1
erichlof,MasterJames,2
deip,MasterJames,2
deip,erichlof,1
MasterJames,mrdoob,4
erichlof,mrdoob,2
deip,mrdoob,2
satori99,takahirox,1
Axiverse,WestLangley,1
bhouston,WestLangley,6
mrdoob,WestLangley,2
bhouston,mrdoob,3
titansoftime,WestLangley,1
mrdoob,Mugen87,1
mrdoob,Rich-Harris,5
Rich-Harris,sjlynch,5
mrdoob,sjlynch,1
karimbeyrouti,mrdoob,1
bhouston,spidersharma03,1
mrdoob,spidersharma03,1
jasonrhaddix,spidersharma03,1
robertoranon,spidersharma03,1
bhouston,mrdoob,1
jasonrhaddix,mrdoob,1
bhouston,jasonrhaddix,1
bhouston,robertoranon,1
mrdoob,robertoranon,1
jasonrhaddix,robertoranon,1
manthrax,Mugen87,2
boyaquito,Mugen87,1
mrdoob,yomboprime,2
satori99,yomboprime,1
mrdoob,satori99,2
ghost,mybmgithub,2
mrdoob,RamotionRussell,1
DavidWiebe,kenrussell,5
jonnenauha,Usnul,4
kaisalmen,Usnul,4
Itee,Usnul,1
Itee,jonnenauha,4
jonnenauha,kaisalmen,16
Itee,kaisalmen,4
fraguada,mrdoob,2
CraigMcCarthy11,mrdoob,2
Foosballfan,mrdoob,6
CraigMcCarthy11,fraguada,1
Foosballfan,fraguada,3
mrdoob,simplynail,2
fraguada,simplynail,1
Mugen87,simplynail,1
CraigMcCarthy11,simplynail,1
Foosballfan,simplynail,3
mrdoob,Mugen87,2
fraguada,Mugen87,1
CraigMcCarthy11,Mugen87,1
Foosballfan,Mugen87,3
CraigMcCarthy11,Foosballfan,3
eddietree,mrdoob,1
mrdoob,wizgrav,1
mrdoob,pailhead,1
jmsaulnier,takahirox,2
cx20,mrdoob,1
mrdoob,webprofusion-chrisc,1
cx20,webprofusion-chrisc,1
brianchirls,erichlof,8
charlesfleche,mrdoob,3
mrdoob,Mugen87,1
erichlof,mrdoob,12
mrdoob,Mugen87,2
donmccurdy,takahirox,2
bhouston,looeee,1
looeee,mrdoob,1
bhouston,mrdoob,1
looeee,Mugen87,1
mrdoob,Mugen87,1
bhouston,Mugen87,1
edap,romanmarkelov,1
backspaces,romanmarkelov,2
backspaces,edap,2
looeee,mrdoob,4
donmccurdy,mrdoob,1
looeee,mrdoob,1
casufi,mrdoob,2
mrdoob,NicolasRannou,2
casufi,NicolasRannou,1
mrdoob,SirVer,2
casufi,SirVer,1
NicolasRannou,SirVer,1
andreasplesch,mrdoob,2
ekatzenstein,Mugen87,1
looeee,mrdoob,1
mrdoob,Mugen87,1
mrdoob,WestLangley,1
donmccurdy,Jeremy-Gaillard,1
Jeremy-Gaillard,mrdoob,1
donmccurdy,mrdoob,1
andreasplesch,mrdoob,1
andreasplesch,napter,3
meshulam,mrdoob,1
mrdoob,spite,1
meshulam,spite,1
bdysvik,cx20,2
cx20,mrdoob,1
bdysvik,mrdoob,2
mrdoob,WestLangley,1
chazcb,mrdoob,1
donmccurdy,skalexey,1
bartmcleod,mrdoob,2
andreasplesch,mrdoob,2
andreasplesch,bartmcleod,1
bhouston,mrdoob,4
fazeaction,mrdoob,8
bhouston,fazeaction,2
mrdoob,Mugen87,2
devpascoe,titansoftime,1
mrdoob,Mugen87,1
dougajmcdonald,mrdoob,1
mrdoob,takahirox,1
dougajmcdonald,takahirox,1
FancyCoder0,MauricioVives,1
MauricioVives,XanderLuciano,1
mrdoob,XanderLuciano,1
FancyCoder0,XanderLuciano,1
MauricioVives,mrdoob,1
FancyCoder0,mrdoob,1
mrdoob,Mugen87,4
jeanpul,takahirox,1
dbkaplun,takahirox,1
dbkaplun,jeanpul,1
BennyHinrichs,morgansegura,1
donmccurdy,mrdoob,1
mrdoob,yrns,1
donmccurdy,yrns,1
arturitu,mrdoob,1
mrdoob,phfatmonkey,2
arturitu,phfatmonkey,2
kaisalmen,mrdoob,9
jonnenauha,mrdoob,3
jonnenauha,kaisalmen,3
customlogic,mrdoob,1
ikerr,mrdoob,2
mrdoob,Mugen87,2
ikerr,Mugen87,1
waitingcheung,WestLangley,2
bhouston,mrdoob,1
mrdoob,scottpixvana,1
bhouston,scottpixvana,1
Mugen87,scottpixvana,1
mrdoob,Mugen87,1
bhouston,Mugen87,1
BrianSipple,looeee,1
looeee,mrdoob,1
BrianSipple,mrdoob,1
mrdoob,tailsu,3
tailsu,WestLangley,1
mrdoob,WestLangley,3
mrdoob,Mugen87,1
bhouston,mrdoob,1
mrdoob,Mugen87,1
foijord,mrdoob,1
bhouston,mrdoob,1
bhouston,foijord,1
Kyle-Larson,philhJC,1
mrdoob,takahirox,1
fraguada,Mugen87,1
mrdoob,Mugen87,2
lojjic,pailhead,4
pailhead,titansoftime,4
lojjic,titansoftime,1
frederikaalund,mrdoob,1
leerichard42,mrdoob,2
donmccurdy,mrdoob,2
donmccurdy,leerichard42,1
Kyle-Larson,mrdoob,2
bmeurer,mrdoob,1
mrdoob,s3ththompson,1
bmeurer,s3ththompson,1
m4jing,mrdoob,1
mrdoob,sunag,1
jonobr1,mrdoob,2
bakajin,manthrax,2
bakajin,WestLangley,1
manthrax,WestLangley,2
cx20,donmccurdy,2
donmccurdy,takahirox,4
cx20,takahirox,2
mlimper,takahirox,2
donmccurdy,mlimper,2
cx20,mlimper,1
WestLangley,Wilt,1
donmccurdy,etflly,1
donmccurdy,mrdoob,1
lo-th,takahirox,1
ffdead,mrdoob,1
Flur,mrdoob,1
ffdead,Flur,1
donmccurdy,mrdoob,2
mrdoob,pailhead,1
bhouston,mrdoob,2
donmccurdy,mrdoob,2
bhouston,takahirox,2
mrdoob,takahirox,4
donmccurdy,takahirox,2
bhouston,donmccurdy,1
kareldonk,mrdoob,1
mrdoob,sunag,1
donmccurdy,mrdoob,1
mrdoob,WestLangley,1
goretkin,Mugen87,1
DieAlchemistenAG,gyomihaly,1
gero3,WestLangley,3
mrdoob,WestLangley,3
gero3,mrdoob,1
jostschmithals,looeee,8
looeee,mrdoob,4
jostschmithals,mrdoob,2
fernandojsg,mrdoob,3
dmarcos,mrdoob,3
brianchirls,mrdoob,3
mrdoob,toji,3
fernandojsg,toji,1
dmarcos,toji,1
brianchirls,toji,1
dmarcos,fernandojsg,1
brianchirls,fernandojsg,1
brianchirls,dmarcos,1
daarong,Mugen87,2
jostschmithals,Mugen87,1
daarong,jostschmithals,2
mrdoob,sunag,1
donmccurdy,takahirox,2
mrdoob,takahirox,4
donmccurdy,mrdoob,2
jostschmithals,mrdoob,1
mrdoob,takahirox,6
adrs2002,takahirox,4
adrs2002,mrdoob,6
takahirox,yazancash,2
mrdoob,yazancash,3
adrs2002,yazancash,2
Mugen87,WestLangley,1
brianchirls,mrdoob,4
Astrak,mrdoob,2
Astrak,brianchirls,2
donmccurdy,takahirox,1
donmccurdy,mrdoob,1
looeee,mrdoob,1
mrdoob,WestLangley,6
mrdoob,yomotsu,9
Mugen87,yomotsu,3
mrdoob,Mugen87,3
Kyle-Larson,mrdoob,1
jostschmithals,WestLangley,1
mrdoob,takahirox,3
donmccurdy,takahirox,1
donmccurdy,mrdoob,3
fernandojsg,mrdoob,1
mrdoob,Mugen87,2
fernandojsg,Mugen87,2
mrdoob,WestLangley,1
Mugen87,WestLangley,2
fernandojsg,WestLangley,1
alemures,mrdoob,2
jostschmithals,mrdoob,2
alemures,jostschmithals,1
dvenkatsagar,mrdoob,2
pailhead,WestLangley,1
mrdoob,Mugen87,2
jaxry,WestLangley,1
mrdoob,WestLangley,1
jaxry,mrdoob,1
looeee,mrdoob,1
mrdoob,Samsy,1
brianchirls,mrdoob,6
mrdoob,pixelmager,3
brianchirls,pixelmager,2
jostschmithals,mrdoob,2
antonio-gomez,mrdoob,1
mrdoob,sublambda,2
FeaturedSpace,tentone,6
mrdoob,tentone,6
snowww1014,tentone,18
FeaturedSpace,mrdoob,1
FeaturedSpace,snowww1014,3
mrdoob,snowww1014,3
mrdoob,Mugen87,2
dpvignesh1997,mrdoob,1
hoch,Mugen87,1
mrdoob,sublambda,2
mrdoob,Mugen87,1
Mugen87,novogrammer,1
mrdoob,novogrammer,1
kenrussell,Mardonis,2
gero3,mrdoob,1
mgreter,mrdoob,1
MiiBond,mrdoob,1
mgreter,MiiBond,1
mrdoob,Mugen87,1
jcowles,pailhead,1
mrdoob,Mugen87,1
abelnation,bhouston,1
bhouston,mrdoob,2
abelnation,mrdoob,2
bhouston,spidersharma03,1
abelnation,spidersharma03,1
mrdoob,spidersharma03,2
mrdoob,Mugen87,1
evanw,mrdoob,2
kaisalmen,mrdoob,2
evanw,kaisalmen,1
adrs2002,yazancash,1
brianchirls,WestLangley,1
modulesio,mrdoob,1
jostschmithals,mrdoob,1
devcem,Mugen87,2
mrdoob,Mugen87,1
devcem,mrdoob,2
mrdoob,Oletus,4
bhouston,mrdoob,2
mrdoob,WestLangley,1
manthrax,WestLangley,2
damienmortini,WestLangley,1
damienmortini,manthrax,2
drcmda,mrdoob,1
mrdoob,ondys,2
mrdoob,WestLangley,2
mrdoob,Mugen87,2
brianchirls,mrdoob,2
mrdoob,WestLangley,2
brianchirls,WestLangley,1
aardgoose,mrdoob,1
mrdoob,titansoftime,1
aardgoose,titansoftime,1
donmccurdy,MohmadAyman,1
looeee,MohmadAyman,1
donmccurdy,looeee,1
MohmadAyman,mrdoob,1
donmccurdy,mrdoob,1
looeee,mrdoob,1
mrdoob,takahirox,1
mrdoob,WestLangley,1
jaxry,WestLangley,3
mrdoob,WestLangley,3
jaxry,mrdoob,1
cnspaha,mrdoob,1
jostschmithals,mrdoob,1
cnspaha,jostschmithals,1
jostschmithals,mrdoob,2
mrdoob,takahirox,2
jostschmithals,takahirox,1
Mugen87,takahirox,1
mrdoob,Mugen87,2
jostschmithals,Mugen87,1
neeh,WestLangley,3
jostschmithals,looeee,1
jostschmithals,mrdoob,1
looeee,mrdoob,1
fernandojsg,mrdoob,1
fernandojsg,pailhead,1
Marlowmz,pailhead,1
fernandojsg,Marlowmz,1
stuikomma,WestLangley,1
mrdoob,WestLangley,1
mrdoob,stuikomma,1
marclave,mrdoob,1
brmscheiner,ieskudero,2
mrdoob,sjvs,12
Mugen87,pailhead,1
kenrussell,pailhead,2
hccampos,pailhead,1
kenrussell,Mugen87,2
hccampos,Mugen87,1
hccampos,kenrussell,2
pailhead,struckm,1
Mugen87,struckm,1
kenrussell,struckm,2
hccampos,struckm,1
donmccurdy,takahirox,4
mrdoob,takahirox,4
donmccurdy,mrdoob,4
mrdoob,Mugen87,1
Mugen87,WestLangley,1
mrdoob,WestLangley,1
Flyover-ArtSk,manthrax,1
jonnenauha,mrdoob,2
makc,mrdoob,1
kenrussell,mrdoob,1
leweaver,mrdoob,1
kenrussell,leweaver,1
donmccurdy,emackey,2
cx20,emackey,2
cx20,donmccurdy,4
manthrax,rkwright,1
mrdoob,WestLangley,2
densetsughem,donmccurdy,4
kchapelier,mrdoob,1
CarlBateman,mrdoob,1
looeee,mrdoob,2
mkarnicki,Mugen87,1
DiogoSlepetys,WestLangley,2
donmccurdy,mikearmstrong001,3
donmccurdy,mrdoob,1
Doeke,mike-tuxedo,1
mrdoob,wizgrav,2
WestLangley,wizgrav,1
mrdoob,WestLangley,2
mrdoob,WestLangley,3
mgreter,WestLangley,3
mgreter,mrdoob,1
Mugen87,SebastienFPRousseau,1
mrdoob,takahirox,1
mrdoob,WestLangley,2
mgreter,mrdoob,1
manthrax,mrdoob,1
mrdoob,wouldntsavezion,1
manthrax,wouldntsavezion,1
mrdoob,Mugen87,2
manthrax,mrdoob,2
mrdoob,Mugen87,1
manthrax,Mugen87,2
mrdoob,Mugen87,2
Mugen87,qornflex,2
mrdoob,qornflex,1
deokhae,mrdoob,2
arodic,ipepe,1
mrdoob,Mugen87,1
carpyann,jonobr1,1
jonobr1,mrdoob,1
carpyann,mrdoob,1
mrdoob,WestLangley,1
Mugen87,WestLangley,1
donmccurdy,samwei12,2
donmccurdy,WestLangley,1
mrdoob,zerohun,3
deokhae,kaisalmen,1
donmccurdy,samwei12,1
donmccurdy,mrdoob,1
jamesgk,mrdoob,1
donmccurdy,jamesgk,1
donmccurdy,mrdoob,1
moroine,WestLangley,1
WestLangley,wuweiweiwu,1
moroine,wuweiweiwu,1
donmccurdy,mrdoob,2
mybackstage,WestLangley,4
mrdoob,WestLangley,9
jbaicoianu,jonnenauha,1
mrdoob,Mugen87,1
chunnallu,mrdoob,3
mrdoob,YYYCondi,1
fernandojsg,mrdoob,4
mrdoob,Mugen87,1
mrdoob,takahirox,1
donmccurdy,takahirox,1
donmccurdy,mrdoob,1
mrdoob,Mugen87,1
kaisalmen,mrdoob,1
donmccurdy,mrdoob,1
mrdoob,Mugen87,4
looeee,Mugen87,3
mrdoob,Mugen87,3
looeee,mrdoob,1
makc,Mugen87,1
fernandojsg,tentone,2
mrdoob,tentone,2
fernandojsg,mrdoob,1
MohmadAyman,WestLangley,1
fernandojsg,mrdoob,1
I3ck,slahser1992,1
donmccurdy,ghost,1
donmccurdy,tkazik,1
ghost,tkazik,1
mrdoob,TyLindberg,1
FancyCoder0,mrdoob,1
fernandojsg,mrdoob,2
mrdoob,WestLangley,1
kaisalmen,mrdoob,1
tentone,WestLangley,2
mrdoob,WestLangley,1
mrdoob,tentone,2
mrdoob,tentone,1
looeee,mrdoob,1
mrdoob,WestLangley,1
bentok,mrdoob,1
mrdoob,twerq,1
mrdoob,Sphinxxxx,2
looeee,mrdoob,1
cnspaha,Mugen87,1
mrdoob,Mugen87,1
Mugen87,RemusMar,1
cnspaha,RemusMar,1
mrdoob,RemusMar,1
cnspaha,mrdoob,1
donmccurdy,takahirox,2
mrdoob,takahirox,1
donmccurdy,mrdoob,2
kkruups,mrdoob,3
mrdoob,Mugen87,2
mrdoob,pailhead,2
kkruups,mrdoob,2
mrdoob,Mugen87,1
mrdoob,WestLangley,1
mrdoob,Mugen87,1
cg-cnu,mrdoob,1
c0d1f1ed,kenrussell,4
looeee,mrdoob,4
donmccurdy,fanzhanggoogle,1
donmccurdy,mrdoob,1
fanzhanggoogle,mrdoob,1
Astrak,mrdoob,1
mrdoob,robertoranon,1
autra,mrdoob,1
makc,Mugen87,1
baba1472,Mugen87,2
fernandojsg,mrdoob,1
mrdoob,Mugen87,1
IncludedInside,Mugen87,1
IncludedInside,mrdoob,1
mrdoob,Mugen87,1
ivanpopelyshev,mrdoob,1
cg-cnu,mrdoob,1
makc,mrdoob,2
makc,usefulthink,1
mrdoob,usefulthink,2
AndrewRayCode,mrdoob,1
mrdoob,WestLangley,1
cg-cnu,mrdoob,2
Itee,mrdoob,1
mrdoob,Mugen87,1
fernandojsg,tentone,1
tentone,yoshikiohshima,1
fernandojsg,yoshikiohshima,1
Fasani,mrdoob,1
looeee,mrdoob,1
mrdoob,Mugen87,1
mrdoob,Mugen87,4
Mugen87,WestLangley,2
mrdoob,WestLangley,2
cg-cnu,mrdoob,1
bhouston,stevesan,8
mrdoob,stevesan,4
bhouston,mrdoob,2
mrdoob,WestLangley,1
donmccurdy,takahirox,2
mrdoob,takahirox,2
donmccurdy,mrdoob,1
looeee,mrdoob,6
mrdoob,SntsDev,2
looeee,SntsDev,3
nopjia,WestLangley,1
JPedersen,mrdoob,1
fernandojsg,mrdoob,2
mrdoob,Mugen87,3
Mugen87,stefek99,1
mrdoob,WestLangley,1
mrdoob,Mugen87,1
mrdoob,Mugen87,3
Mugen87,tentone,1
mrdoob,tentone,3
MichaelHazani,pailhead,2
donmccurdy,mrdoob,1
mrdoob,WestLangley,1
CorinWilkins,looeee,1
donmccurdy,mrdoob,1
mrdoob,Mugen87,1
mrdoob,WestLangley,1
kaisalmen,mrdoob,2
mrdoob,Mugen87,4
mrdoob,Mugen87,1
Mugen87,WestLangley,1
mrdoob,WestLangley,1
ignazioa,looeee,2
ignazioa,mrdoob,1
looeee,mrdoob,2
looeee,mrdoob,1
mrdoob,takahirox,1
makc,takahirox,1
makc,mrdoob,1
mrdoob,Mugen87,2
bananer,mrdoob,2
Astrak,mrdoob,4
donmccurdy,mrdoob,1
donmccurdy,mrdoob,6
donmccurdy,spite,3
mrdoob,spite,2
johannth,mkeblx,2
feabauer,mrdoob,1
donmccurdy,mrdoob,1
mrdoob,titansoftime,2
donmccurdy,takahirox,6
looeee,mrdoob,1
mrdoob,takahirox,1
mrdoob,TyLindberg,4
mrdoob,Mugen87,2
kaisalmen,mrdoob,1
maccesch,WestLangley,6
mrdoob,WestLangley,2
maccesch,mrdoob,3
MohmadAyman,Mugen87,2
donmccurdy,mrdoob,1
duhaime,Itee,1
Itee,mrdoob,1
duhaime,mrdoob,1
donmccurdy,rck1,2
Maplesog,rck1,4
donmccurdy,Maplesog,2
Itee,mrdoob,1
mrdoob,takahirox,1
mrdoob,Mugen87,1
Itee,Mugen87,1
mrdoob,Mugen87,1
cnspaha,donmccurdy,1
cloud4every1,mrdoob,3
Aikyos,mrdoob,1
cnspaha,mrdoob,2
mrdoob,TyLindberg,2
cnspaha,Mugen87,1
mrdoob,Mugen87,1
cnspaha,mrdoob,1
Mugen87,tentone,2
cnspaha,tentone,2
mrdoob,tentone,2
cnspaha,Mugen87,1
mrdoob,Mugen87,1
cnspaha,mrdoob,1
Itee,Mugen87,1
mrdoob,Mugen87,2
cnspaha,donmccurdy,1
Kos,mrdoob,1
couchninja,mrdoob,1
mariansudrea,maurocolella,1
MarcRibguth,mrdoob,1
looeee,MarcRibguth,1
looeee,pikilipita,1
MarcRibguth,pikilipita,1
dmarcos,mrdoob,2
donmccurdy,Mugen87,1
mrdoob,Mugen87,2
donmccurdy,mrdoob,2
mrdoob,Mugen87,1
adrs2002,mrdoob,1
Alexandre-Passerelle,mrdoob,6
EerikKivistik,mrdoob,3
Alexandre-Passerelle,EerikKivistik,2
donmccurdy,fernandojsg,1
donmccurdy,mrdoob,1
fernandojsg,mrdoob,1
fernandojsg,mrdoob,1
mrdoob,Mugen87,1
fernandojsg,mrdoob,1
mrdoob,Mugen87,1
keqingrong,Mugen87,1
keqingrong,mrdoob,1
looeee,mrdoob,1
fernandojsg,mrdoob,1
looeee,mrdoob,4
mrdoob,Mugen87,1
looeee,mrdoob,1
donmccurdy,takahirox,4
mattdesl,takahirox,2
mrdoob,takahirox,4
donmccurdy,mattdesl,2
donmccurdy,mrdoob,4
mattdesl,mrdoob,2
bhouston,mrdoob,6
mrdoob,WestLangley,3
bhouston,WestLangley,2
donmccurdy,im84,2
cnspaha,Mugen87,2
mrdoob,Mugen87,1
Mugen87,tentone,1
cnspaha,tentone,2
mrdoob,tentone,1
cnspaha,mrdoob,2
looeee,mrdoob,10
mrdoob,WestLangley,10
looeee,WestLangley,4
clement-igonet,mrdoob,2
duhaime,looeee,1
duhaime,mrdoob,1
looeee,mrdoob,1
Mugen87,randombitsofcode,1
donmccurdy,mrdoob,1
looeee,mrdoob,1
Itee,mrdoob,1
donmccurdy,takahirox,1
mrdoob,takahirox,2
donmccurdy,mrdoob,2
Itee,WestLangley,1
mrdoob,WestLangley,1
Itee,mrdoob,1
looeee,mrdoob,2
mrdoob,WestLangley,2
looeee,WestLangley,1
mrdoob,Mugen87,4
gam0022,mrdoob,2
gam0022,mrdoob,1
adrs2002,WestLangley,1
mrdoob,WestLangley,1
adrs2002,mrdoob,1
keqingrong,mrdoob,2
mrdoob,Mugen87,4
mrdoob,WestLangley,2
gam0022,mrdoob,1
mrdoob,Mugen87,1
mrdoob,TyLindberg,2
mrdoob,Mugen87,1
mrdoob,RSpace,2
jihoonl,Mugen87,3
mrdoob,Mugen87,1
jihoonl,mrdoob,3
ngokevin,WestLangley,1
mrdoob,WestLangley,1
mrdoob,ngokevin,1
mrdoob,TyLindberg,1
donmccurdy,fernandojsg,2
fernandojsg,mrdoob,2
donmccurdy,mrdoob,1
ajaykjangid,sgaoae,4
ChrisDenham,WestLangley,5
donmccurdy,mrdoob,4
FarhadG,kaisalmen,1
richardmonette,WestLangley,2
mrdoob,WestLangley,2
jxarco,WestLangley,2
mrdoob,richardmonette,1
jxarco,richardmonette,1
jxarco,mrdoob,1
Mugen87,tentone,2
mrdoob,tentone,2
mrdoob,Mugen87,1
kaisalmen,unphased,1
hccampos,looeee,1
looeee,wolfgangvonludwigsburg,2
mrdoob,wolfgangvonludwigsburg,4
hccampos,wolfgangvonludwigsburg,2
looeee,mrdoob,2
hccampos,mrdoob,2
donmccurdy,takahirox,1
mrdoob,takahirox,1
donmccurdy,mrdoob,1
mrdoob,wuweiweiwu,2
ryankaplan,wuweiweiwu,2
mrdoob,ryankaplan,1
donmccurdy,tehbelinda,1
mrdoob,Mugen87,2
Mugen87,WestLangley,1
mrdoob,WestLangley,2
mrdoob,Mugen87,2
Itee,Mugen87,1
Mugen87,wongbryan,2
mrdoob,wongbryan,4
Itee,wongbryan,2
Itee,mrdoob,2
loldrup,Mugen87,1
challakoushik,Mugen87,1
challakoushik,loldrup,1
WestLangley,wolfgangvonludwigsburg,2
looeee,mrdoob,1
looeee,mrdoob,2
mrdoob,Mugen87,1
mrdoob,TimvanScherpenzeel,6
mrdoob,takahirox,1
mrdoob,takahirox,1
haroldiedema,mrdoob,1
atul-mourya,looeee,1
donmccurdy,PlumCantaloupe,1
kaisalmen,mrdoob,1
adrs2002,mrdoob,1
donmccurdy,mrdoob,1
looeee,mrdoob,1
jeremyabel,mauriciopoppe,1
kasios,WestLangley,3
dhritzkiv,mrdoob,1
mrdoob,WestLangley,2
harry-liu,takahirox,1
wdanilo,WestLangley,1
looeee,pikilipita,1
mrdoob,takahirox,4
mrdoob,richardmonette,2
mrdoob,WestLangley,2
trusktr,WestLangley,1
mrdoob,trusktr,2
florence8627,TarVK,1
Mugen87,StoneMa,1
looeee,mrdoob,2
mrdoob,Mugen87,1
donmccurdy,takahirox,1
ekermer,takahirox,1
donmccurdy,ekermer,1
mrdoob,WestLangley,2
mrdoob,Mugen87,1
donmccurdy,robertlong,4
mrdoob,Mugen87,2
mrdoob,WestLangley,2
Mugen87,WestLangley,1
looeee,mrdoob,1
gigablox,sunag,2
brunnerh,mrdoob,3
kaisalmen,mrdoob,2
dmarcos,fernandojsg,1
dmarcos,mrdoob,1
fernandojsg,mrdoob,1
cnspaha,Mugen87,2
mrdoob,Mugen87,1
cnspaha,mrdoob,2
donmccurdy,mrdoob,1
donmccurdy,zellski,1
mrdoob,zellski,1
kaisalmen,takahirox,2
mrdoob,Mugen87,2
mrdoob,Mugen87,1
agilecollab,mrdoob,1
brianpeiris,mkeblx,1
donmccurdy,WestLangley,1
mrdoob,WestLangley,1
donmccurdy,mrdoob,1
amilajack,mrdoob,2
mrdoob,sunag,9
mrdoob,Mugen87,4
mrdoob,WestLangley,1
looeee,WestLangley,4
mrdoob,WestLangley,1
looeee,mrdoob,4
DIeHarke,Mugen87,1
looeee,mrdoob,1
donmccurdy,mrdoob,4
looeee,mrdoob,2
donmccurdy,looeee,2
Mugen87,pailhead,1
1d2d3d,donmccurdy,3
1d2d3d,mrdoob,2
donmccurdy,mrdoob,6
Astrak,XanderLuciano,1
mrdoob,richardmonette,6
mrdoob,takahirox,2
mrdoob,sunag,2
edwinwebb,looeee,1
mrdoob,Mugen87,1
donmccurdy,especimenraro,2
fernandojsg,zellski,2
mrdoob,Mugen87,1
fernandojsg,mrdoob,1
mrdoob,pailhead,2
brianpeiris,mrdoob,1
mrdoob,takahirox,1
mrdoob,Mugen87,1
fernandojsg,mrdoob,1
mrdoob,WestLangley,1
donmccurdy,mrdoob,1
mrdoob,WJsjtu,1
looeee,mrdoob,1
mrdoob,Mugen87,2
mrdoob,WestLangley,3
mrdoob,Mugen87,1
mrdoob,Mugen87,1
mrdoob,peppsac,1
daoshengmu,WestLangley,24
mrdoob,WestLangley,8
daoshengmu,mrdoob,12
mrdoob,pikilipita,1
mrdoob,WestLangley,1
mrdoob,WestLangley,1
mrdoob,WestLangley,1
mrdoob,WestLangley,1
donmccurdy,mrdoob,2
mrdoob,thezwap,2
thezwap,WestLangley,4
mrdoob,WestLangley,2
fernandojsg,mrdoob,1
donmccurdy,mrdoob,1
fernandojsg,mrdoob,1
bhouston,WestLangley,1
WestLangley,yiakwy,1
mrdoob,WestLangley,2
Mowsh,mrdoob,2
mrdoob,WestLangley,2
Mowsh,WestLangley,1
looeee,Usnul,2
fernandojsg,Usnul,2
fernandojsg,looeee,1
Mugen87,otse,3
levilime,Mugen87,2
levilime,mrdoob,1
looeee,takahirox,1
mrdoob,takahirox,1
looeee,mrdoob,1
f1cognite,mrdoob,1
mrdoob,sunag,1
donmccurdy,pjoe,1
MarcRibguth,Mugen87,1
calrk,Mugen87,1
calrk,MarcRibguth,1
fernandojsg,mrdoob,1
mrdoob,RSpace,2
moroine,mrdoob,1
mrdoob,richardmonette,4
richardmonette,WestLangley,2
mrdoob,WestLangley,2
MauricioVives,wuweiweiwu,1
mrdoob,wuweiweiwu,1
huj2,wuweiweiwu,1
huj2,MauricioVives,1
MauricioVives,mrdoob,1
huj2,mrdoob,1
donmccurdy,mrdoob,1
looeee,Mugen87,1
Mugen87,tentone,1
bhouston,mrdoob,1
lo-th,Mugen87,1
mrdoob,Mugen87,2
DavidPeicho,Mugen87,1
DavidPeicho,lo-th,1
lo-th,mrdoob,2
DavidPeicho,mrdoob,2
mrdoob,Mugen87,1
mrdoob,WestLangley,1
l-xiong,Mugen87,2
mrdoob,Mugen87,1
l-xiong,mrdoob,2
mrdoob,vlucendo,1
mrdoob,takahirox,1
donmccurdy,mrdoob,1
emackey,mrdoob,1
donmccurdy,emackey,1
mrdoob,ndebeiss,2
mrdoob,yomotsu,2
WestLangley,yomotsu,1
mkarnicki,yomotsu,1
mkarnicki,mrdoob,2
mrdoob,WestLangley,2
mkarnicki,WestLangley,1
mrdoob,WestLangley,1
gymadarasz,Mugen87,2
gymadarasz,mrdoob,1
arodic,whatisor,1
Ben-Mack,whatisor,1
arodic,Ben-Mack,1
donmccurdy,RemusMar,2
looeee,RemusMar,1
RemusMar,titansoftime,2
donmccurdy,titansoftime,4
looeee,titansoftime,2
RemusMar,Usnul,1
donmccurdy,Usnul,2
titansoftime,Usnul,2
looeee,Usnul,1
donmccurdy,looeee,2
mrdoob,WestLangley,1
mrdoob,WestLangley,1
mrdoob,takahirox,1
mrdoob,takahirox,3
donmccurdy,takahirox,2
mrdoob,takahirox,1
donmccurdy,mrdoob,2
mrdoob,WestLangley,1
looeee,mrdoob,1
mrdoob,WestLangley,1
crubier,WestLangley,1
crubier,mrdoob,1
looeee,WestLangley,1
meatbags,mrdoob,2
mrdoob,Mugen87,1
looeee,mrdoob,6
mrdoob,yomotsu,1
mrdoob,WestLangley,1
acidsound,mrdoob,1
looeee,mrdoob,2
huwb,mrdoob,1
ferrolho,Mugen87,1
mrdoob,Mugen87,1
ferrolho,mrdoob,1
donmccurdy,mrdoob,1
ranbuch,takahirox,1
ranbuch,WestLangley,1
takahirox,WestLangley,1
Mugen87,wlinna,1
mrdoob,takahirox,1
06wj,WestLangley,1
mrdoob,WestLangley,1
06wj,mrdoob,1
aurelienwipon,mrdoob,1
mrdoob,Mugen87,2
daoshengmu,mrdoob,1
mrdoob,yomotsu,1
mrdoob,rkirsling,2
mrdoob,Mugen87,1
mrdoob,pailhead,1
Mugen87,oguzeroglu,1
kaisalmen,pizza-r0b,2
mrdoob,Mugen87,2
Mugen87,takahirox,1
mrdoob,takahirox,2
oguzeroglu,takahirox,1
Mugen87,oguzeroglu,1
mrdoob,oguzeroglu,2
donmccurdy,mrdoob,1
donmccurdy,kirillovdm,1
kaisalmen,kirillovdm,2
donmccurdy,kaisalmen,2
looeee,tedyage,1
mrdoob,WestLangley,2
takahirox,WestLangley,1
mrdoob,takahirox,2
jxm-math,WestLangley,1
donmccurdy,kickblade,1
donmccurdy,mrdoob,1
fernandojsg,mrdoob,1
Mugen87,takahirox,2
donmccurdy,takahirox,8
kickblade,takahirox,16
mrdoob,takahirox,4
donmccurdy,kickblade,8
donmccurdy,mrdoob,2
kickblade,mrdoob,4
mrdoob,PicklesIIDX,1
pailhead,WestLangley,2
gkjohnson,mrdoob,2
mrdoob,WestLangley,1
gkjohnson,WestLangley,2
joshpatt2,mrdoob,2
gkjohnson,takahirox,8
mrdoob,takahirox,1
gkjohnson,mrdoob,8
DefecateRainbows,looeee,1
looeee,Mugen87,1
mrdoob,Mugen87,1
DefecateRainbows,Mugen87,1
looeee,mrdoob,1
DefecateRainbows,mrdoob,1
richardmonette,WestLangley,2
mrdoob,WestLangley,2
mrdoob,richardmonette,4
gabrielgrant,Usnul,4
Mugen87,Usnul,2
gabrielgrant,Mugen87,8
Julien-Arlandis,WestLangley,6
bhouston,WestLangley,2
mlimper,WestLangley,4
bhouston,Julien-Arlandis,3
Julien-Arlandis,mlimper,6
bhouston,mlimper,2
guoweish,mrdoob,4
gkjohnson,mrdoob,1
cvan,paulmasson,2
mrdoob,paulmasson,4
cvan,mrdoob,2
Mugen87,zhengxiaoyao0716,1
mrdoob,takahirox,1
arodic,mrdoob,4
haroldiedema,mrdoob,2
AustinDuvin,mrdoob,1
arodic,haroldiedema,8
AustinDuvin,haroldiedema,2
mrdoob,pailhead,2
arodic,pailhead,8
haroldiedema,pailhead,4
NicolasRannou,pailhead,2
AustinDuvin,pailhead,2
mrdoob,NicolasRannou,1
arodic,NicolasRannou,4
haroldiedema,NicolasRannou,2
AustinDuvin,NicolasRannou,1
arodic,AustinDuvin,4
jbaicoianu,mrdoob,1
autra,WestLangley,1
Bsheridan12,WestLangley,1
mrdoob,WestLangley,2
mrdoob,Mugen87,1
mrdoob,Mugen87,1
looeee,mrdoob,1
donmccurdy,Mugen87,1
pailhead,sunag,2
Mugen87,sunag,2
Mugen87,pailhead,1
sunag,WestLangley,2
pailhead,WestLangley,1
Mugen87,WestLangley,1
adrs2002,Mugen87,2
mrdoob,Mugen87,2
adrs2002,mrdoob,4
Mugen87,takahirox,2
JohnRCook,mrdoob,1
mquander,mrdoob,1
donmccurdy,pailhead,2
pailhead,Usnul,4
donmccurdy,Usnul,2
donmccurdy,mrdoob,1
donmccurdy,sunag,1
mrdoob,sunag,1
donmccurdy,mrdoob,1
bhouston,Julien-Arlandis,2
bhouston,mrdoob,2
Julien-Arlandis,mrdoob,1
donmccurdy,RemusMar,1
pailhead,RemusMar,1
donmccurdy,pailhead,1
RemusMar,rtpHarry,1
donmccurdy,rtpHarry,1
pailhead,rtpHarry,1
Mugen87,taybenlor,1
mrdoob,taybenlor,1
mrdoob,Mugen87,1
donmccurdy,mrdoob,1
mrdoob,XanderLuciano,1
mrdoob,Mugen87,1
mrdoob,pailhead,2
pailhead,WestLangley,1
mrdoob,WestLangley,2
jonobr1,mrdoob,3
mrdoob,pailhead,1
ikeough,takahirox,2
linkenneth,mrdoob,2
mrdoob,WestLangley,2
linkenneth,WestLangley,4
mrdoob,xincept,1
WestLangley,xincept,2
linkenneth,xincept,2
mrdoob,richardmonette,1
geekance,mrdoob,4
takahirox,xjindf,1
mrdoob,wizgrav,1
mrdoob,sunag,20
pailhead,sunag,4
mrdoob,pailhead,5
donmccurdy,RemusMar,2
donmccurdy,Usnul,2
RemusMar,Usnul,1
looeee,mrdoob,2
mrdoob,WestLangley,1
mrdoob,WestLangley,1
kurozael,malcolmwhite,3
bhouston,mrdoob,3
mrdoob,WestLangley,6
bhouston,WestLangley,2
mrdoob,WestLangley,1
Korijn,mrdoob,4
mrdoob,WestLangley,2
Korijn,WestLangley,2
iansan5653,kmlx,1
mrdoob,zch1234qq,1
mrdoob,takahirox,1
donmccurdy,Excaa,1
mrdoob,Mugen87,1
hoch,padenot,2
mrdoob,padenot,1
hoch,mrdoob,2
gkjohnson,mrdoob,2
mrdoob,Mugen87,2
Mugen87,WestLangley,1
mrdoob,WestLangley,2
FMS-Cat,Mugen87,1
mrdoob,yomboprime,2
mrdoob,sunag,2
sunag,WestLangley,1
mrdoob,WestLangley,2
looeee,mrdoob,1
mrdoob,WestLangley,1
arodic,mrdoob,1
Mugen87,siner77,1
mrdoob,Mugen87,1
mrdoob,WestLangley,1
benguild,Mugen87,1
cherniavskii,mrdoob,1
mrdoob,WestLangley,1
greggman,WestLangley,1
11zouzouzou,mrdoob,1
11zouzouzou,WestLangley,1
mrdoob,WestLangley,1
Mugen87,WestLangley,4
mrdoob,WestLangley,2
mrdoob,Mugen87,2
looeee,mrdoob,2
donmccurdy,eriadel,1
erasta,Mugen87,1
mrdoob,Mugen87,1
erasta,mrdoob,1
gkjohnson,Mugen87,1
mrdoob,Mugen87,3
gkjohnson,mrdoob,3
mrdoob,soadzoor,2
erasta,mrdoob,1
mrdoob,Mugen87,1
Mugen87,sean041,1
mrdoob,sean041,1
benguild,looeee,1
looeee,mrdoob,1
benguild,mrdoob,1
mrdoob,takahirox,2
oguzeroglu,takahirox,1
Mugen87,takahirox,1
mrdoob,oguzeroglu,2
Mugen87,oguzeroglu,1
mrdoob,Mugen87,2
donmccurdy,looeee,1
looeee,mrdoob,1
donmccurdy,mrdoob,1
mrdoob,Mugen87,1
Remi-Tribia,WestLangley,4
haroldiedema,WestLangley,2
mrdoob,WestLangley,2
haroldiedema,Remi-Tribia,2
mrdoob,Remi-Tribia,2
haroldiedema,mrdoob,1
mrdoob,WestLangley,1
mrdoob,Mugen87,1
Mugen87,SimonDanisch,1
mrdoob,SimonDanisch,1
gavrilovmiroslav,mrdoob,1
mrdoob,zadvorsky,2
mrdoob,WestLangley,1
arodic,but0n,1
but0n,mrdoob,1
arodic,mrdoob,1
DavidPeicho,twilson7755,1
mrdoob,Mugen87,3
donmccurdy,Mugen87,1
donmccurdy,mrdoob,3
mrdoob,sunag,1
makc,mrdoob,1
donmccurdy,mrdoob,2
mrdoob,WestLangley,1
arodic,WestLangley,1
kevinlandsberg,LordBenjamin,1
LordBenjamin,mrdoob,2
kevinlandsberg,mrdoob,2
mrdoob,Mugen87,1
4zuko,mrdoob,1
mbredif,WestLangley,1
mrdoob,Mugen87,1
greggman,mrdoob,1
looeee,WestLangley,1
but0n,WestLangley,1
donmccurdy,rdrgn,1
looeee,mrdoob,1
mrdoob,titansoftime,4
isassaba,looeee,1
mrdoob,WestLangley,2
donmccurdy,takahirox,1
mrdoob,takahirox,1
donmccurdy,mrdoob,1
mrdoob,sunag,1
mrdoob,takahirox,2
donmccurdy,mrdoob,1
joshpatt2,mrdoob,1
looeee,theChumpus,1
donmccurdy,Mugen87,1
donmccurdy,mrdoob,1
almarklein,takahirox,4
mrdoob,takahirox,4
almarklein,WestLangley,4
takahirox,WestLangley,4
mrdoob,WestLangley,4
almarklein,mrdoob,4
mrdoob,WestLangley,1
Usnul,whatisor,1
mrdoob,WestLangley,1
Itee,mrdoob,1
kaisalmen,mrdoob,1
Itee,kaisalmen,1
cjbailey,mrdoob,1
mrdoob,WestLangley,1
mrdoob,takahirox,1
makc,mrdoob,1
mrdoob,WestLangley,1
amarchino,Mugen87,2
mrdoob,Pluto8195,1
mrdoob,WestLangley,1
mrdoob,Mugen87,1
almarklein,mrdoob,1
mrdoob,takahirox,1
almarklein,takahirox,1
donmccurdy,mrdoob,3
mrdoob,takahirox,1
donmccurdy,rsweeten,2
mrdoob,WestLangley,1
looeee,mrdoob,1
donmccurdy,ft-lab,1
adrs2002,mrdoob,1
mrdoob,XanderLuciano,2
boulabiar,XanderLuciano,1
boulabiar,mrdoob,2
looeee,mrdoob,1
mrdoob,Mugen87,1
hassadee,mrdoob,1
mrdoob,Mugen87,1
Ben-Mack,mrdoob,2
EliasHasle,WestLangley,2
mrdoob,WestLangley,1
EliasHasle,mrdoob,2
rexdk,WestLangley,2
Alwox,mrdoob,1
looeee,mrdoob,1
Alwox,looeee,1
looeee,rexdk,1
mrdoob,rexdk,1
looeee,mrdoob,1
mrdoob,Mugen87,1
Mugen87,WestLangley,1
mrdoob,WestLangley,1
Mugen87,sweerwen,1
mrdoob,sweerwen,1
mrdoob,Mugen87,1
sweerwen,WestLangley,1
Mugen87,WestLangley,1
mrdoob,WestLangley,1
donmccurdy,MaartenBreeedveld,2
mrdoob,WestLangley,1
maru0301,Mugen87,2
soadzoor,WestLangley,1
mrdoob,WestLangley,1
mrdoob,soadzoor,1
WestLangley,yomotsu,1
soadzoor,yomotsu,1
mrdoob,yomotsu,1
Mugen87,rtsamir,1
Makio64,WestLangley,2
linbingquan,mrdoob,1
Mugen87,olivierchatry,1
olivierchatry,Richard-Yunchao,1
Mugen87,Richard-Yunchao,1
ajvincent,Mugen87,1
mrdoob,WestLangley,1
MagicLM,Mugen87,2
makc,mrdoob,1
donmccurdy,takahirox,1
mrdoob,sdinesh86,1
lguminski,WestLangley,2
jsantell,WestLangley,4
mrdoob,WestLangley,2
jsantell,mrdoob,2
donmccurdy,FMS-Cat,1
mrdoob,sunag,1
mrdoob,takahirox,2
rowild,WestLangley,1
mrdoob,WestLangley,1
mrdoob,rowild,1
mrdoob,WestLangley,2
Artyom17,osov,1
looeee,Mugen87,1
Mugen87,pikilipita,2
looeee,pikilipita,2
looeee,Mugen87,1
brettkromkamp,mrdoob,1
mrdoob,sunag,1
Mugen87,shengchiliu,3
Artyom17,mrdoob,1
mrdoob,Mugen87,1
Artyom17,Mugen87,1
mrdoob,Mugen87,2
jbaicoianu,mrdoob,1
mrdoob,WestLangley,1
WestLangley,yomotsu,2
mrdoob,yomotsu,2
pailhead,wellcaffeinated,1
arodic,mrdoob,3
mrdoob,Mugen87,3
arodic,Mugen87,1
bpetar,Mugen87,1
mrdoob,uglycoyote,1
mrdoob,Mugen87,1
mrdoob,Oletus,1
mrdoob,Oletus,1
looeee,mrdoob,1
donmccurdy,sompylasar,2
gkjohnson,sompylasar,2
arodic,sompylasar,1
arodic,donmccurdy,2
donmccurdy,gkjohnson,4
arodic,gkjohnson,2
arodic,Moon-ChangHyun,4
joshpatt2,mrdoob,2
donmccurdy,mrdoob,4
mrdoob,Mugen87,1
donmccurdy,takahirox,2
Mugen87,nickcoutsos,1
mrdoob,WestLangley,2
donmccurdy,santacrab,1
